0.995269444786 -0.000136278705262 -0.0970448431856 0.00282014454967 0.00160768473949 0.0015738253753 -0.002825338553 -0.000120358506958 1.72878496365e-05 -4.85182029749e-07 -5.09888866505e-07 1.92745040793e-07 -9.79967798827e-09 5.11190426582e-09 3.07799435792e-09 -1.16577053966e-09 -1.85462080842e-10 -1.08382622213e-13 -2.31040779995e-12 -5.76158077736e-13 8.1627822705e-13 5.19761192016e-13 5.75732693892e-14 5.9069272575e-16 1.14300361575e-15 -2.27683664365e-17 -1.00150313729e-19 -2.42210458113e-19 1.28194561052e-20 -1.35345882813e-21 -8.96556250337e-23 -1.90989279071e-22 5.87331048157e-24 -8.79086337916e-23 -6.67762016338e-23 2.38915699988e-23 -2.74583090782e-23 8.02655191341e-23 6.28199390361e-23 9.66435235675e-26 4.68966163176e-27 4.48001647501e-25 1.71686179268e-28 1.75461229243e-26 -3.95385688184e-32 1.76225570723e-31 -5.26976283064e-32 -4.09001153749e-33 -4.73536180733e-34 3.11769952324e-36 1.02745681347e-36 -3.28871729422e-38 2.83087866212e-38 3.75917552933e-40 -4.49200661568e-42 5.71764742189e-43 -1.58290971883e-43 4.72417146992e-45 9.17757743683e-48 1.58170332321e-49 6.36771916979e-47 -6.10628843082e-47 -2.28327175911e-47 -1.02287303017e-49 1.52068643424e-49 -1.082987505e-51 -2.32525215091e-50 1.99401227276e-49 1.97060828196e-49 1.87831230886e-50 -1.96995433612e-50 1.99893153239e-50 -2.21345387332e-55 -8.81012140352e-54 -7.72390795474e-55 3.90519015138e-54 
0.00105369021422 0.999787278905 0.00997877162897 0.0179141249316 -0.000426147983378 0.00112299913871 -0.00153343181342 2.50593504174e-05 1.18508161191e-05 -2.98595413028e-06 -2.02278898684e-07 1.44974473221e-06 -7.64477164403e-09 6.64733944842e-08 -1.57979348859e-08 -8.92658723429e-09 -7.84841372796e-10 1.44557247896e-11 -1.65123156423e-11 -7.47314366821e-12 5.25590940412e-12 4.16919997563e-12 4.37276227549e-13 1.50435883822e-14 4.83531071521e-15 -3.47767387633e-16 -9.29134663753e-18 -3.41126393055e-19 3.79051042943e-19 -9.39660492618e-20 -2.20739911042e-20 -1.99337399086e-21 1.71659120811e-22 -4.43732373158e-22 -8.66371833989e-22 2.50682503354e-22 -1.25361474764e-22 3.70547896123e-22 2.90250605444e-22 4.66553351536e-25 2.114318935e-26 2.06752137329e-24 7.91222688494e-28 8.10046775502e-26 -1.80051387695e-31 7.25135405763e-31 -2.35478538421e-31 -1.9923895558e-32 -2.27680713149e-33 2.73881697737e-34 1.23541369074e-34 -1.29003191065e-35 2.34830053974e-35 -2.2725088849e-36 -7.27178011845e-36 8.58036600923e-36 -8.22417981497e-37 -6.76781894971e-37 5.3322233387e-38 -9.19900848252e-38 -5.51940423239e-39 7.10015230435e-40 1.93572610514e-40 -2.36649873132e-40 3.90542037509e-41 1.8591344504e-45 -2.31637603892e-40 -3.00451444958e-42 -2.17432959744e-42 -2.05035048556e-43 2.36382968302e-43 -2.25885609996e-43 4.49262884968e-46 1.01433181527e-46 8.72893699528e-48 -4.41176445513e-47 
-0.0970327972343 0.0101722731797 -0.99513218535 -0.00775107666844 0.0103325616171 0.00486611775946 -9.89769368923e-05 -0.000447003784355 -0.00153784166159 1.04961343747e-05 2.17876718209e-08 -1.45316545626e-06 7.8510146946e-07 -5.31993426326e-08 -1.47000537852e-08 4.50350770532e-09 7.92766813531e-09 -6.3697196382e-12 9.39802496453e-12 3.77126736337e-12 -3.0034998001e-12 -2.27371121398e-12 -2.41065489788e-13 -7.09393332187e-15 -3.09933376483e-15 1.71913081493e-16 4.14869888986e-18 3.63329397277e-19 -1.77010749113e-19 4.2264797317e-20 9.72901479701e-21 1.03701867682e-21 -8.01809948681e-23 2.70087077535e-22 4.36641833558e-22 -1.30272719313e-22 7.85641750269e-23 -2.31447556879e-22 -1.81248187072e-22 -2.87612704334e-25 -1.33009702272e-26 -1.29152163176e-24 -4.94469146702e-28 -5.05957807676e-26 1.12922873367e-31 -4.69364744494e-31 1.48535830842e-31 1.22508182769e-32 1.40526798219e-33 -1.22849831388e-34 -5.50890656592e-35 5.68655531374e-36 -1.03234497441e-35 9.96256013201e-37 3.1889850191e-36 -3.76285141695e-36 3.60664971045e-37 2.96797284594e-37 -2.3384039125e-38 4.03415161893e-38 2.42049050492e-39 -3.11371414373e-40 -8.48896877308e-41 1.03780909864e-40 -1.71269090142e-41 -8.15306988396e-46 1.01582819152e-40 1.31760550191e-42 9.53534576152e-43 8.99164541213e-44 -1.03663832362e-43 9.90602993917e-44 -1.97020645784e-46 -4.44826980546e-47 -3.82800441409e-48 1.93474346481e-47 
0.00360033293146 0.0178503711816 0.00755086645619 -0.999744740853 -0.0017029628852 -0.0103283159173 0.00343973403949 -0.000405184064384 -0.000518776152585 -5.60855338372e-06 -9.78096332931e-06 3.35535091206e-06 3.26839002474e-07 -1.92350853172e-07 6.5335209304e-08 -2.17413755819e-08 1.90638098732e-09 -9.57065667692e-10 -1.37986905266e-10 1.78924653551e-10 7.98040243901e-11 -4.44984730226e-13 1.47348823337e-12 -6.45836321768e-13 2.69524724967e-13 1.02471927272e-14 5.23188796969e-16 -9.96521821425e-17 -1.7121436289e-17 5.12472258164e-18 1.31519075094e-18 2.85241844932e-20 -7.70128280476e-21 -1.61082246599e-20 2.03995756883e-20 -3.62786705448e-21 -5.85340741458e-21 1.68580693607e-20 1.3179070231e-20 1.90267987799e-23 1.016325035e-24 9.41358643473e-23 3.61382118091e-26 3.68503180292e-24 -8.45939482316e-30 4.25490947455e-29 -1.1554198953e-29 -7.93784805913e-31 -9.37612844884e-32 -1.56137841937e-32 -7.23187322768e-33 7.90841649578e-34 -1.45468144868e-33 1.42259909801e-34 4.5464079113e-34 -5.3645747688e-34 5.14187684869e-35 4.23134528192e-35 -3.33378848164e-36 5.75136234563e-36 3.4508169255e-37 -4.43912552735e-38 -1.21024608653e-38 1.47957159863e-38 -2.4417291943e-39 -1.16236052536e-43 1.44823411697e-38 1.87846906137e-40 1.35942465285e-40 1.2819109872e-41 -1.4779030365e-41 1.41227193164e-41 -2.80886102728e-44 -6.34176010114e-45 -5.45746703902e-46 2.75830368713e-45 
-0.000464999716347 0.000428195706129 0.0102932614387 -0.00123306187449 0.998948654303 -0.0261013173839 0.0348813905245 0.00957252252906 0.00184545925669 0.000503091132164 -0.000657403127738 1.93464798366e-05 5.41780305797e-07 5.10254866441e-06 7.40408878567e-06 -1.03542175836e-08 3.67197005444e-09 3.67392791705e-12 -6.07273568373e-11 -9.31609951928e-12 1.34070462056e-11 8.98001149999e-12 9.655306912e-13 7.77983609149e-15 1.87920255324e-14 -6.78924976716e-16 -2.47249128712e-17 -2.76279278453e-18 6.94769096445e-19 -2.42612740913e-19 -6.20991885753e-20 -4.78466728597e-21 3.74422386812e-22 -1.04456892365e-21 -2.1750822558e-21 6.69636441452e-22 -3.09421078621e-22 9.15004387371e-22 7.16496536951e-22 1.11312630558e-24 5.24954825847e-26 5.10551818571e-24 1.93705922976e-27 2.00019216956e-25 -4.51286614369e-31 2.04094515827e-30 -5.96295256331e-31 -4.63455047348e-32 -5.32140921071e-33 -1.17073829261e-34 -5.70737768277e-35 2.45367162916e-36 -2.80668264526e-36 1.02113996476e-37 3.94971232554e-37 -4.65802061852e-37 4.46525738885e-38 3.67376379437e-38 -2.89451534738e-39 4.9935197737e-39 2.9953435225e-40 -3.84646757698e-41 -1.04788778982e-41 1.28462465248e-41 -2.12018025096e-42 -9.95506989278e-47 1.25740692073e-41 1.62842708226e-43 1.1778053932e-43 1.11062218159e-44 -1.28067300914e-44 1.22365330688e-44 -2.43871678576e-47 -5.4949843375e-48 -4.72858555677e-49 2.38991189893e-48 
0.00113041254381 0.00100464665622 -0.00536026953689 0.0103948211824 -0.027079825345 -0.998536442272 0.0192545973585 0.0408566551624 -0.00315163454829 -0.00143246493188 -0.000182466942628 0.000747962433427 1.69746274768e-06 3.47076503587e-05 -7.23337542213e-06 -4.59253173258e-06 -3.48292676535e-07 3.72202793339e-09 -8.81016376755e-09 -3.15812283838e-09 2.96179127522e-09 2.08583625335e-09 2.26012405939e-10 5.33134941829e-12 3.44261412549e-12 -1.16181838589e-13 -1.02911212775e-15 -6.81853752679e-16 9.30567709734e-17 -1.2033024213e-17 -1.73410216422e-18 -7.81559930717e-19 3.77001760183e-20 -3.15012132976e-19 -2.8249509664e-19 9.26944861029e-20 -9.59575643422e-20 2.80848620708e-19 2.19846298884e-19 3.43022471897e-22 1.63403550956e-23 1.5674816741e-21 6.01883070912e-25 6.13946308851e-23 -1.37604435821e-28 5.89270446771e-28 -1.82532675695e-28 -1.46257252327e-29 -1.68831552111e-30 9.56432012775e-32 4.2304857135e-32 -3.92047192553e-33 6.91256435184e-33 -6.46391132635e-34 -2.07731355369e-33 2.45110951368e-33 -2.34936270579e-34 -1.9333203349e-34 1.52322329185e-35 -2.62782372414e-35 -1.5766937956e-36 2.02819375827e-37 5.52943679559e-38 -6.76023041717e-38 1.11563863771e-38 5.30977790399e-43 -6.61704804288e-38 -8.58260857131e-40 -6.21107328762e-40 -5.8569191626e-41 6.75240650135e-41 -6.45253203266e-41 1.28338124351e-43 2.89748971876e-44 2.49346320526e-45 -1.26024190834e-44 
-0.00278788060229 -0.00143807353456 0.000651753206994 -0.00330249635472 0.0344883014371 -0.0208826132001 -0.999039981447 -0.0159806084599 -0.00412084099457 -0.000231862714654 -4.93121277847e-05 5.18750696886e-06 1.56926484811e-06 -2.06175412233e-06 7.0968869762e-08 -8.5260454415e-08 9.01856278953e-09 -9.8094579965e-12 -1.44998834241e-10 -3.80459361888e-11 5.42147767218e-11 3.45080840951e-11 3.82192230923e-12 3.91491467651e-14 7.60094179717e-14 -1.53697074205e-15 -8.99037220542e-18 -1.56586018594e-17 8.94882801139e-19 -1.10556274547e-19 -1.16451680888e-20 -1.28238876966e-20 4.15920474631e-22 -5.79336526275e-21 -4.53081205205e-21 1.61074322893e-21 -1.80794347755e-21 5.28593072005e-21 4.1370773296e-21 6.36566920103e-24 3.08748675245e-25 2.95032506417e-23 1.13046264902e-26 1.15550961255e-24 -2.60387369797e-30 1.16079459783e-29 -3.46998278292e-30 -2.69329433164e-31 -3.11783606906e-32 1.92534443225e-34 6.19112268034e-35 -1.96864507556e-36 1.69249488754e-36 2.23916496256e-38 -2.69056028983e-40 3.51487651823e-41 -9.44705878825e-42 2.65259670821e-43 9.71924281172e-46 -2.48064550344e-45 -4.02451125907e-45 3.1657499693e-45 1.1842547397e-45 -2.90202256075e-49 -6.92933710121e-48 5.60117737368e-50 -5.00214411564e-48 -1.03867821108e-47 -1.02430514178e-47 -9.76256464475e-49 1.02447725251e-48 -1.03916073704e-48 2.38430776767e-53 4.58053195073e-52 4.01533899984e-53 -2.0301418606e-52 
1.37888027269e-05 8.11795775067e-05 0.000371353965282 0.000890687115161 0.00795443006434 -0.0406390570742 0.0172206552472 -0.998484864703 -0.0311222241261 0.00384349311221 -0.00507640260506 -0.00247124737424 9.86457699388e-05 -0.000645521245151 0.000105730478648 1.57365157122e-05 2.93718505007e-06 -1.53273978211e-06 -1.19108508379e-07 3.12471355022e-07 9.27176315296e-08 -2.33250925117e-08 -1.35989842537e-10 -1.06302012371e-09 3.83289512247e-10 1.74627857926e-11 8.45670175996e-13 -1.49562713979e-13 -2.80799769135e-14 8.29947404452e-15 2.1188957275e-15 5.41839247778e-17 -1.26371458381e-17 -2.2070768161e-17 3.57125803537e-17 -6.87651540383e-18 -8.2149255901e-18 2.36077062397e-17 1.84526197446e-17 2.63823914919e-20 1.42973924642e-21 1.31834839656e-19 5.06242825036e-23 5.16041279027e-21 -1.18783223539e-26 6.07247025594e-26 -1.62806217438e-26 -1.09816738385e-27 -1.30130658475e-28 -2.52122117355e-29 -1.16596386785e-29 1.2717711694e-30 -2.33799010719e-30 2.28514157434e-31 7.30345295098e-31 -8.61777286522e-31 8.26002635462e-32 6.7973274613e-32 -5.35547220862e-33 9.23911681061e-33 5.54346933009e-34 -7.13111031812e-35 -1.94416632541e-35 2.37681683165e-35 -3.92244826285e-36 -1.86724191494e-40 2.32647560207e-35 3.01761462272e-37 2.18381010259e-37 2.05929042017e-38 -2.37413642187e-38 2.26870515059e-38 -4.51221703261e-41 -1.01875449637e-41 -8.76699685319e-43 4.43100060382e-42 
0.000171305302623 -1.20252688143e-05 0.00154723506374 0.000481951353542 0.00152096734107 0.00444469773095 0.00358341388386 0.0310813764647 -0.999484474545 0.00327436148103 -0.00272845547478 -0.00294926563118 0.000503561384529 -0.000219080859354 4.32380729811e-05 1.95340489792e-05 6.30712150917e-06 -1.44678938632e-07 7.64675060314e-08 5.7917327814e-09 -8.61204980764e-10 -2.4218226334e-08 -1.33998505604e-09 -1.33799432128e-11 9.88506585663e-12 1.61250064748e-11 1.21469362352e-12 -1.00045893859e-13 -2.57152465164e-14 1.16007001198e-14 3.18534104874e-15 8.7409270125e-17 -1.47130557739e-17 -2.07702662912e-17 5.69212565946e-17 -1.4601800065e-17 -7.39377535133e-18 2.10600311097e-17 1.64630767349e-17 2.47100754083e-20 1.28165676281e-21 1.17629584378e-19 4.60868493123e-23 4.60382199193e-21 -1.03524959291e-26 4.48444131134e-26 -1.40781751514e-26 -1.08450850815e-27 -1.27937412638e-28 7.92731713102e-30 3.46852849828e-30 -1.17398362974e-31 1.00986751602e-31 1.64898507773e-33 7.21261422635e-34 -8.6240558348e-34 8.25615677091e-35 6.84915702389e-35 -5.39319625179e-36 9.3054193664e-36 5.58575995394e-37 -7.59634989058e-38 -2.11127427656e-38 2.39372372582e-38 -3.94125600267e-39 -2.60451090653e-43 2.34302813927e-38 3.17239218349e-40 2.33107352725e-40 2.19950693672e-41 -2.5227212786e-41 2.41847577766e-41 -4.54584650783e-44 -1.08489881314e-44 -9.34571740036e-46 4.72358918277e-45 
2.12196143596e-06 3.57563718516e-06 -8.28916444347e-06 4.18839098112e-06 -0.00055277643907 -0.00127468071777 -0.000296717603597 0.00361696695422 0.00325515775334 0.999463314395 0.022140628944 0.0209706680659 0.00119921761755 0.0107316255763 0.000893118568104 7.72773682814e-05 1.56824271026e-05 -3.08429343196e-07 -1.15539430254e-07 6.2921169597e-09 -2.89683304787e-09 -5.59987757968e-08 -3.15492499548e-09 -2.74601260225e-11 1.72720891278e-11 3.77728093126e-11 2.86355725489e-12 -2.43534203671e-13 -6.03604425075e-14 2.72814355078e-14 7.49027663122e-15 2.05310914192e-16 -3.46061748835e-17 -4.89933882794e-17 1.33757007846e-16 -3.4292040243e-17 -1.74383208972e-17 4.96740547348e-17 3.88313546252e-17 5.83191249958e-20 3.02285235711e-21 2.77451138613e-19 1.08719723597e-22 1.08589893111e-20 -2.44162695726e-26 1.05609923288e-25 -3.31968267617e-26 -2.56020369516e-27 -3.01986394117e-28 1.92431549368e-29 8.43023324617e-30 -3.01293057881e-31 2.81786122662e-31 -2.61125405403e-34 -1.16133323237e-32 1.36556254486e-32 -1.31025936124e-33 -1.07706952496e-33 8.48633625348e-35 -1.46401713038e-34 -8.76904701296e-36 1.12059622508e-36 3.0453728646e-37 -3.76649835481e-37 6.21792061244e-38 2.79091698666e-42 -3.68653832701e-37 -4.75073762403e-39 -3.4298698506e-39 -3.23399054757e-40 3.7314683188e-40 -3.5639549054e-40 7.14962288749e-43 1.60063944221e-43 1.37722622311e-44 -6.96073181609e-44 
-7.85396214534e-07 -1.0283058085e-06 -1.23205611931e-05 3.12295197614e-06 -0.000711048947793 0.00035302725745 -8.20285408128e-05 0.00510443674024 0.00301651563433 0.0225671534437 -0.999397525459 -0.0186846170031 -0.00371524694953 -0.00687936017959 0.0157875525509 0.000138622471515 -8.78412590293e-05 -1.45304075459e-05 2.00575602498e-05 3.07277686154e-06 8.22606833376e-07 -3.02166064829e-07 -1.52992982739e-09 -8.98258984324e-09 3.59023612991e-09 1.9150531839e-10 9.80625296599e-12 -8.51591324355e-13 -2.82665945804e-13 1.21716268789e-13 3.3799687753e-14 9.96818462908e-16 -1.50427488759e-16 -1.65654746707e-16 6.34307603281e-16 -1.71203089157e-16 -5.91564369999e-17 1.67154490085e-16 1.30644804385e-16 1.78939804673e-19 1.02134552029e-20 9.3376392771e-19 3.57283570488e-22 3.65372146745e-20 -8.3201062791e-26 4.3872241847e-25 -1.16079524237e-25 -7.51110696555e-27 -9.01793405597e-28 -2.14426113846e-28 -9.91443171351e-29 1.12852711054e-29 -2.09444927985e-29 2.07377252308e-30 6.62001735833e-30 -7.80176904823e-30 7.48321939142e-31 6.15872022521e-31 -4.85213822401e-32 8.37080720436e-32 5.01579254811e-33 -6.46293759616e-34 -1.76192229881e-34 2.15352847202e-34 -3.55392438091e-35 -1.69355776821e-39 2.10783122127e-34 2.73431921519e-36 1.97887889845e-36 1.86604909839e-37 -2.15131780134e-37 2.05580090218e-37 -4.08811572003e-40 -9.231477815e-41 -7.94426703262e-42 4.0151781315e-41 
-6.89384376509e-07 -2.17835110755e-06 7.79497089333e-06 -8.14726915658e-07 2.32894785279e-05 0.000693917018714 4.86439879081e-05 -0.00242801859555 -0.00304529119489 -0.021208768465 -0.0198749302518 0.996864477834 0.000287218562494 0.0713958382716 -0.0154337986509 -0.00804309213985 -0.000623778730098 5.67413660904e-05 -2.10839844216e-05 -1.877067818e-06 4.42238625965e-07 9.77069676992e-06 5.4360698214e-07 4.52736584629e-09 -3.53296733297e-09 -6.52044435395e-09 -4.92084677563e-10 4.07415820328e-11 1.04042394336e-11 -4.69511871375e-12 -1.28913415402e-12 -3.53600974391e-14 5.95541570824e-15 8.41699379175e-15 -2.30301021066e-14 5.90620063269e-15 2.99619076609e-15 -8.53445980967e-15 -6.67157502953e-15 -1.00168489525e-17 -5.19374374813e-19 -4.76687030574e-17 -1.86779784738e-20 -1.86567376811e-18 4.19509972548e-24 -1.8157574931e-23 5.70428108756e-24 4.39694974371e-25 5.1866940123e-26 -3.26388684197e-27 -1.42907580814e-27 4.9847748203e-29 -4.49734953654e-29 -2.83825027725e-31 9.41432273845e-31 -1.10400185094e-30 1.05981547141e-31 8.7005343319e-32 -6.85579466354e-33 1.1827002568e-32 7.07957483088e-34 -8.96482775018e-35 -2.42753115636e-35 3.0428349406e-35 -5.02519818367e-36 -2.10001204425e-40 2.97818693928e-35 3.80941383163e-37 2.74268633983e-37 2.58576192984e-38 -2.98634086806e-38 2.85060147995e-38 -5.77550480553e-41 -1.28049803426e-41 -1.1015645015e-42 5.56747138513e-42 
5.43821250418e-09 1.53826124692e-08 7.36005794599e-08 2.76559786945e-09 4.0959630808e-06 -6.18992135548e-06 1.96382690864e-06 -9.88600529356e-05 -0.000514620356606 0.00109648559362 0.00372796119921 0.000272320941015 -0.999762931712 0.00157396615503 0.000156093404366 0.00146437055189 -0.0210188934576 6.20838773483e-05 0.00349104073899 9.01465411613e-06 -1.2409737784e-05 -1.09787887601e-05 -1.60168244884e-08 2.11853174535e-07 -2.00158509465e-08 2.15681208082e-09 1.21391835653e-10 1.0656520768e-10 -2.15570721576e-13 4.1620859627e-12 1.36298272559e-12 5.04500837755e-14 -2.49019969582e-15 6.94092195381e-15 3.04954411829e-14 -1.13709223354e-14 2.83669477485e-15 -8.47511290125e-15 -6.62589871136e-15 -1.05833691716e-17 -5.02878368408e-19 -4.72936921522e-17 -1.84317391505e-20 -1.8527518151e-18 4.34169081162e-24 -1.95103820722e-23 5.68674137207e-24 4.40133354779e-25 5.06413358618e-26 7.0835286138e-28 3.55414555485e-28 -1.48567298736e-29 1.79705604423e-29 3.10331178073e-32 -2.76390044149e-31 1.52405956032e-30 -7.95830907327e-32 -5.75511766847e-32 4.76962026977e-33 -8.19277889693e-33 -1.32739714903e-33 3.85275753451e-35 1.15446538995e-35 -1.99599311769e-35 3.33308036594e-36 -4.98986215163e-41 -2.06025818621e-35 -2.31186952784e-37 -1.57018583958e-37 -1.47482145087e-38 1.73918927822e-38 -1.63878558335e-38 4.04465894159e-41 7.39203383063e-42 6.33306061512e-43 -3.20056854762e-42 
-1.52669546513e-08 -5.75403486502e-08 -1.08696998207e-07 -1.60778264282e-07 -7.09495093043e-07 2.40271462393e-05 -8.15764678685e-06 0.000470444884379 3.43937538897e-05 0.00905971796507 0.00591861827127 0.071829911113 -0.00151080303132 -0.99722619566 0.0117592742616 -0.0106408949401 -0.000999128627033 -0.00279386646582 0.000165312301731 0.000622322235914 0.000191306064578 3.03778852434e-06 2.61759039309e-06 -2.09609972402e-06 7.58970879619e-07 3.690942146e-09 -8.89755898633e-10 -9.76110484978e-11 -9.79606338471e-12 -1.10303648356e-11 -3.54715317081e-12 -1.31992424727e-13 6.92577443433e-15 -1.73615528037e-14 -7.93686884239e-14 2.93923329954e-14 -7.09397933187e-15 2.12180645166e-14 1.65887285093e-14 2.59382052951e-17 1.25602612814e-18 1.18398664025e-16 4.57395813003e-20 4.63836234155e-18 -1.09648053344e-23 5.26405012871e-23 -1.44046785814e-23 -1.05853536301e-24 -1.21750589643e-25 -1.43567064484e-26 -6.59198417817e-27 5.52897622734e-28 -9.56522545467e-28 7.98642424033e-29 2.57614449337e-28 -3.14811626918e-28 2.9572836917e-29 2.42643489223e-29 -1.9138646205e-30 3.30142586434e-30 2.05645845782e-31 -2.52596073538e-32 -6.8961187895e-33 8.48301191738e-33 -1.40029759943e-33 -6.4797855584e-38 8.31297761929e-33 1.07504081813e-34 7.77074947093e-35 7.32714243568e-36 -8.45086584306e-36 8.07350819228e-36 -1.61274997168e-38 -3.62567782085e-39 -3.11986229642e-40 1.57683301668e-39 
1.73944687439e-09 9.00996948147e-09 -8.71426503123e-08 2.86051438302e-08 -3.56161895131e-06 -3.07642100988e-06 -3.7977921567e-07 2.22035508877e-05 5.11107551931e-05 0.00167621183236 -0.0152768457207 -0.0148205830999 -0.000215709093905 -0.0129306557522 -0.992526880882 -0.0131668316645 -0.00100510597359 0.082372024203 0.00302817134078 0.0317520962341 -0.0793112303366 0.000151441782009 -0.00030172364817 1.84008066947e-05 -0.000128621352456 -6.48917999174e-05 9.37036867638e-08 6.60616852329e-07 1.98933251101e-07 8.42008324672e-08 2.86101110694e-08 1.47766027933e-09 -2.93739756332e-11 4.46085057911e-10 8.15055155084e-10 -3.28425423338e-10 1.6463184726e-10 -4.84616650692e-10 -3.78989003756e-10 -6.60936727185e-13 -2.89336157268e-14 -2.70509873457e-12 -1.0943191291e-15 -1.05956376094e-13 2.38364250307e-19 -7.03892503605e-19 3.04827737726e-19 2.9921494386e-20 3.42086852175e-21 -1.3034536633e-21 -5.93518859057e-22 5.52144848408e-23 -9.69899812522e-23 9.21421704315e-24 2.96282681113e-23 -3.46929979543e-23 3.34007815174e-24 2.75034602801e-24 -2.16641855025e-25 3.73752564796e-25 2.22391906108e-26 -2.89001438402e-27 -7.87653496294e-28 9.61748799796e-28 -1.58708746534e-28 -7.59716919843e-33 9.41141839454e-28 1.22145340162e-29 8.84158197211e-30 8.33756131868e-31 -9.61150944358e-31 9.18514743528e-31 -1.82524229358e-33 -4.12449290122e-34 -3.54943194903e-35 1.7939484031e-34 
2.67809689639e-09 5.45845029761e-09 -6.81228698218e-09 6.19808554145e-09 -5.45131734441e-09 -1.82228156023e-06 6.11395028563e-09 -1.98223148739e-07 3.39566673599e-06 0.000135673309793 0.00015210462903 -0.00860151399506 -0.00152238958563 0.0102122170634 0.0121387497002 -0.999770505257 0.00298640268472 -0.00618586012769 -0.00316799099661 0.00130054215307 0.00793083537644 0.0030201353447 0.000148594237562 -1.48761668455e-05 1.46141638989e-05 -1.79439496946e-07 -2.1836465696e-07 -1.17742528055e-08 -5.40328623488e-09 -8.98169207737e-09 -2.97663763638e-09 -1.15950569439e-10 4.81704238831e-12 -1.98475687884e-11 -6.9001795457e-11 2.62630553346e-11 -7.87091248584e-12 2.3397056388e-11 1.8293054038e-11 2.93964087848e-14 1.39064221872e-15 1.30574489321e-13 5.11000133689e-17 5.11491294756e-15 -1.18746824619e-20 5.11301975631e-20 -1.55679057186e-20 -1.24035207091e-21 -1.42927358154e-22 6.60540728169e-24 2.90563435083e-24 -2.93082055402e-25 5.28779912359e-25 -5.09818679465e-26 -1.63315437964e-25 1.9231287339e-25 -1.84546751693e-26 -1.51892245486e-26 1.19665071751e-27 -2.06444122753e-27 -1.23593592003e-28 1.5941942127e-29 4.3459103941e-30 -5.31126035308e-30 8.76502351826e-31 4.17880799665e-35 -5.1984195104e-30 -6.7438276899e-32 -4.8807356573e-32 -4.6024568367e-33 5.30601097049e-33 -5.07045052176e-33 1.00822137092e-35 2.27685888132e-36 1.95938294579e-37 -9.90308071932e-37 
1.92953940035e-10 3.83979751182e-10 -4.50661200873e-10 4.3170446617e-10 1.19485689213e-09 -1.26027556452e-07 -3.11869010793e-09 -2.62940411969e-08 5.93765547329e-06 -4.99119501151e-06 2.02950144968e-05 -0.000717004422196 0.0207302598403 0.000957832728551 0.000291846184901 -0.00273935205612 -0.997448236933 -0.00728288413485 -0.0678547485625 -0.000308566920167 -0.000917822189741 -6.93289432025e-05 -7.96530580538e-07 -2.20222605118e-06 -1.91265978587e-06 -2.31976304371e-07 -7.10378715961e-10 8.42504580854e-10 1.07216064712e-09 9.18612460386e-10 3.23216273114e-10 1.25422967091e-11 -2.65745508072e-13 2.7054009757e-12 7.56497981355e-12 -3.05190456939e-12 1.08874637344e-12 -3.22053727293e-12 -2.51757460521e-12 -4.02317579498e-15 -1.91379310999e-16 -1.79752044866e-14 -7.03589818739e-18 -7.04045086249e-16 2.06502111273e-21 -1.13299506372e-20 2.30028182038e-21 1.62958634025e-22 1.57543010311e-23 1.13513870236e-23 4.71832410101e-24 -3.24587330265e-25 6.43102898489e-25 2.48208537768e-27 1.00585961775e-26 8.81365650583e-26 -2.90027816983e-27 -1.72849898405e-27 1.55787249364e-28 -2.65797409331e-28 -8.56759912967e-29 2.67178288612e-32 9.76422596758e-32 -5.90628877707e-31 1.00653469809e-31 -1.19685642014e-35 -6.66996870878e-31 -5.76153446724e-33 -3.34218894693e-33 -3.10414165296e-34 3.89162732906e-34 -3.53235309792e-34 1.33446596398e-36 1.61284863687e-37 1.36523747088e-38 -6.89793749974e-38 
-3.01969049821e-12 1.56238609515e-11 -2.81816769794e-10 8.01716979054e-11 -1.23840006307e-08 -6.30095872459e-09 7.20933969512e-11 7.87140241399e-08 -1.99821662977e-06 1.12340380522e-05 -5.53656140818e-05 2.09013416119e-05 -0.00490485275019 -0.000294672923382 -0.00316399510685 0.00333290313296 0.0677682395577 -0.00125360864688 -0.997672855667 -0.000752433327415 -0.00143857001291 0.00261914365227 -3.88779007513e-05 -5.47997196502e-05 -3.43144273359e-06 -2.03655462998e-06 -1.34852913779e-07 -1.3720554344e-08 5.5092780835e-09 2.31017644452e-09 8.99443660792e-10 3.68988267349e-11 2.09842564051e-13 1.07271333654e-11 2.22684704869e-11 -9.47655584192e-12 4.19203397593e-12 -1.22606119375e-11 -9.58214424902e-12 -1.89828262325e-14 -6.53793287788e-16 -6.84476441478e-14 -2.80080068408e-17 -2.68056737676e-15 4.02289946116e-20 -3.47695944485e-19 1.9218751096e-20 3.13504504307e-22 -2.10708262456e-22 9.05898387443e-22 3.75444673361e-22 -2.57233211855e-23 5.09388343896e-23 2.22026469269e-25 8.77303976021e-25 6.91918004425e-24 -2.21949526978e-25 -1.30293847193e-25 1.18247470789e-26 -2.01640949422e-26 -6.75598611703e-27 -5.41775282915e-30 5.71001203364e-30 -4.44641710633e-29 7.59101645031e-30 -9.71720273587e-34 -5.05916911652e-29 -4.26350615069e-31 -2.42736916076e-31 -2.25119861993e-32 2.84425730457e-32 -2.56964484683e-32 1.01369808887e-34 1.17509342523e-35 9.93170589876e-37 -5.01789814334e-36 
1.51622132504e-10 9.3602230652e-10 -9.93386772671e-09 3.18805715021e-09 -4.1125966551e-07 -3.19236993518e-07 -4.39197410004e-08 2.56668207197e-06 5.74948134488e-06 0.000174558535047 -0.00177252482599 -0.00173889937689 -0.00016965290181 0.00031528999765 -0.115066597365 0.0065364133355 0.00491787182575 -0.736289105437 0.00125446099707 -0.444752320283 0.496724228461 -0.0043399999552 0.00191186567384 0.000728157952794 0.000667358880199 0.000413847431053 -7.36755606719e-08 -3.9378594492e-06 -1.0614924728e-06 -1.67772582589e-07 -5.03864323354e-08 -5.26696987489e-09 9.529361489e-11 -2.25836745138e-09 -2.47097465965e-09 9.8873112866e-10 -7.71250651874e-10 2.25946544247e-09 1.76761585589e-09 3.27104572021e-12 1.34349057092e-13 1.26130620227e-11 5.208688349e-15 4.94049576171e-13 -1.17638935655e-18 2.96562756841e-18 -1.38712660014e-18 -1.52577416931e-19 -1.66671353327e-20 7.45233493612e-21 3.50140456693e-21 -3.51352029709e-22 6.01823061955e-22 -7.0949505635e-23 -2.2857132815e-22 2.46058081261e-22 -2.4895930977e-23 -2.06427714956e-23 1.62176727601e-24 -2.79852941321e-24 -1.51426480893e-25 2.20776783199e-26 5.99759744559e-27 -7.2214037254e-27 1.19099464897e-27 6.06379599252e-32 -7.04744111299e-27 -9.20901078788e-29 -6.68390735925e-29 -6.30391319534e-30 7.26036131374e-30 -6.94232746277e-30 1.36589102363e-32 3.11680194055e-33 2.6827304139e-34 -1.35590626054e-33 
2.9228545079e-11 1.98562291528e-10 -2.21829722424e-09 7.04370818564e-10 -9.24121548224e-08 -6.72300058441e-08 -9.87393533254e-09 5.77655054769e-07 1.24999913835e-06 3.09463908867e-05 -0.00040076994566 -0.000410100443656 -3.1782623812e-05 0.000861296014922 -0.0259761243048 0.00572457727131 0.00101457921699 -0.226522869189 -0.000813144910565 0.869962826356 0.437118776636 0.00691989703906 0.00205536899643 -0.00387216855166 0.00131359258608 0.000351916217845 -1.34518836682e-06 -4.81277876589e-06 -2.01757105872e-06 -2.12872720873e-06 -7.54067303348e-07 -2.6880341197e-08 5.72156759995e-10 -5.07899769289e-09 -1.67789293337e-08 6.79252094207e-09 -2.15347744614e-09 6.38701748751e-09 4.99202281733e-09 7.81765251954e-12 3.82702254076e-13 3.5647871566e-11 1.39028963959e-14 1.39625368632e-12 -3.24219349699e-18 1.48149265303e-17 -4.31873463254e-18 -3.25713629823e-19 -3.79672586442e-20 -9.18512492735e-22 -4.85808362781e-22 5.6220222971e-23 -9.51171479151e-23 1.3540263825e-23 4.36280400284e-23 -4.42253761048e-23 4.64131401602e-24 3.86713764923e-24 -3.03262057049e-25 5.23394369604e-25 2.63461901661e-26 -4.18640663854e-27 -1.13477208934e-27 1.35321900533e-27 -2.23090677986e-28 -1.18318221344e-32 1.31811130082e-27 1.73058108974e-29 1.25838247129e-29 1.18697382959e-30 -1.36618828612e-30 1.30686653638e-30 -2.553525291e-33 -5.86651300967e-34 -5.05013089962e-35 2.55244462119e-34 
1.04660074552e-13 6.76336093083e-14 2.64003326693e-12 -6.36986722793e-13 1.21169416808e-10 -4.84895347117e-11 8.42549352434e-12 -8.27823071985e-10 5.56110930522e-09 3.66288866488e-07 5.22522238981e-07 -1.46920881017e-05 -5.95798679584e-06 7.48288373161e-06 3.52102793968e-05 -0.00298329284284 0.000181448626109 0.00904019668087 -0.00265211468568 0.00548884408807 0.00962695668124 -0.999888359745 0.000287621696747 0.000597186845907 0.000437503100987 0.00144450819745 0.000226899176731 -1.01915618673e-05 -2.74416137378e-06 9.0790722159e-07 1.79274536131e-07 3.27642030951e-09 -1.60555756222e-09 -3.47627909212e-09 2.31320459553e-09 -2.16145750036e-10 -1.14848703014e-09 3.17009752335e-09 2.47440529011e-09 9.08805236016e-12 5.8893485922e-14 1.77164239333e-11 8.28638827355e-15 6.93212773528e-13 -5.67049952423e-17 5.30769820894e-16 -2.01871746705e-17 4.34015285188e-19 4.49256789874e-19 -1.48623611299e-18 -6.16746635656e-19 4.24780405756e-20 -8.39254412209e-20 -2.17317014697e-22 -9.63106233165e-22 -1.17312599152e-20 4.10628669989e-22 2.53223438488e-22 -2.24731964598e-23 3.83889598859e-23 1.12752728575e-23 -3.57659923072e-26 -2.13771269058e-26 8.67721502944e-26 -1.4729433948e-26 1.45538088365e-30 9.63702034281e-26 8.78140766755e-28 5.29040839074e-28 4.92766205646e-29 -6.08366044621e-29 5.57358097783e-29 -1.92163111212e-31 -2.53709849963e-32 -2.15409697214e-33 1.08843405119e-32 
-1.27822408039e-14 -1.94037042443e-15 -3.2651515924e-13 7.64039287263e-14 -1.55740410647e-11 -2.03413701223e-13 -1.88241775758e-12 9.72430412805e-11 4.32273300531e-10 1.47568745402e-08 -7.0114098448e-08 -4.97621585849e-07 -7.22349633294e-08 6.71519633851e-07 -4.5473495063e-06 -0.000117500928829 -1.58438665053e-06 -0.000410245541594 3.20566408845e-05 0.000475369490004 0.00367055950107 -0.000282000121149 -0.999651084365 0.0108198676968 -0.00270773603406 -0.0236197526744 -0.000423422659651 0.0011129413588 -0.000141130235895 -0.000125880396466 4.70166305712e-07 -8.82436454239e-06 7.6704495819e-07 -1.74677971932e-06 -1.7196156587e-06 1.53944002269e-07 -2.13491441474e-07 6.30446470877e-07 4.96116294823e-07 -4.84461548194e-09 2.26015941921e-11 3.4994749142e-09 -2.32964682987e-12 1.36541947448e-10 1.8145244394e-15 7.33714938538e-15 -9.63828070337e-16 3.31532780028e-16 1.65531152322e-17 -3.31123849507e-17 -1.81418121082e-17 2.36387997934e-18 -3.74109730282e-18 7.44984950254e-19 2.39371638443e-18 -2.19813658564e-18 2.45441722531e-19 2.06107131738e-19 -1.61115230135e-20 2.78201594337e-20 1.2255861343e-21 -2.30971375854e-22 -6.27233381391e-23 7.21607174406e-23 -1.18809964091e-23 -7.32313303259e-28 7.00666296256e-23 9.3804163445e-25 6.86983212334e-25 6.48226520431e-26 -7.44304191993e-26 7.13042487186e-26 -1.35741716841e-28 -3.18946982876e-29 -2.76528176623e-30 1.39161158638e-29 
-3.62538579274e-11 -1.55425522815e-10 1.26999756459e-09 -4.34749321902e-10 5.05517512471e-08 5.39919483135e-08 5.37524993395e-09 -3.13045655516e-07 -8.24829423278e-07 -4.01271165998e-05 0.000211292463477 0.000105776972431 -0.000124810902288 0.00194305896441 0.0138310751774 -0.00156827198262 0.00511023430049 -0.63213761875 0.00197777737196 0.210488139051 -0.745468797044 -0.011738459615 -0.00235090867013 0.000263213183152 -0.00122452213668 -0.000726075660281 3.2732956333e-06 7.35831840272e-06 2.20834048229e-06 9.07400439079e-07 3.06777895517e-07 1.60481359739e-08 -3.21275925047e-10 4.92779277181e-09 8.84818185622e-09 -3.56824475296e-09 1.81917563124e-09 -5.35542292674e-09 -4.18824096865e-09 -7.4007203028e-12 -3.21389922068e-13 -2.98939487982e-11 -1.21756445227e-14 -1.17093981435e-12 2.07834295758e-18 -1.77006411083e-18 3.14996023556e-18 3.47380348555e-19 4.35775658742e-20 -3.18992547193e-20 -1.39389444264e-20 1.1505158723e-21 -2.11301422982e-21 1.20048870835e-22 3.83400393989e-22 -5.75670572154e-22 4.83387613352e-23 3.89671959266e-23 -3.09431005257e-24 5.33456792686e-24 4.06030156147e-25 -3.86761681869e-26 -1.06555351155e-26 1.36086589346e-26 -2.24975723224e-27 -8.64005963196e-32 1.34299884875e-26 1.70627985144e-28 1.22459681652e-28 1.15418502158e-29 -1.334512585e-29 1.27294686116e-29 -2.60978775128e-32 -5.71941714037e-33 -4.91909838755e-34 2.48617487826e-33 
-4.43602903969e-15 -4.52803735115e-16 -1.49708846446e-13 3.72089657149e-14 -7.00612304181e-12 6.72461964638e-13 -7.58989251519e-13 4.48707556643e-11 5.13774139071e-11 -6.25145569045e-09 -3.30192722523e-08 -4.53801529454e-08 4.28068964943e-09 8.68244658772e-07 -2.09954832105e-06 6.36197987584e-06 5.03732179168e-07 -0.000178149070038 -5.82538677472e-05 0.00363796659964 0.00150954653432 0.000634606617996 0.0107306101173 0.999747107533 -0.0172505076511 0.00623295176289 -0.000106933639802 0.00357768015283 0.00388340218565 0.00312984577518 0.000691888317257 0.000153841709857 -9.60665805127e-06 3.49226885407e-05 4.15268226557e-05 -8.60747707671e-06 5.12183516307e-06 -1.49209827786e-05 -1.17041110424e-05 5.83054236401e-08 -4.92134985808e-10 -8.30188247697e-08 1.82290036907e-11 -3.24306390584e-09 1.17512671441e-13 -1.472701686e-12 6.43706468332e-14 -5.76655635689e-15 -1.43960291659e-15 4.3742548718e-15 1.85392442097e-15 -1.48976759655e-16 2.79675903526e-16 -8.03411241208e-18 -2.76880223937e-17 6.06657848117e-17 -4.26004736455e-18 -3.31996462598e-18 2.67855449492e-19 -4.60122003624e-19 -4.83588795212e-20 2.34865557155e-21 6.0864589618e-22 -1.15613102959e-21 1.93064002547e-22 -6.52394263729e-27 -1.15814116331e-21 -1.22273735731e-23 -8.09024426193e-24 -7.59470595161e-25 9.03451198022e-25 -8.46975757319e-25 2.23939457234e-27 4.00209037984e-28 3.09745981592e-29 -1.67262220151e-28 
6.36330483737e-15 6.26220420159e-16 1.684576154e-13 -4.01860313144e-14 7.922549146e-12 -1.36457822387e-14 8.70604487035e-13 -5.02043424062e-11 -1.04739956477e-10 -3.80867101529e-09 3.44368954539e-08 -6.66691052304e-09 -1.97278205971e-08 1.43501421756e-07 2.24921671444e-06 -5.39927854989e-06 8.65353591651e-07 -9.13441552944e-05 4.30535189648e-06 2.82677643844e-05 -0.000791848101949 0.00141211137412 -0.0236179717412 -0.00640703711588 -0.028016965014 0.999225214351 -0.00177018446452 -0.0114262657712 -0.00486456529719 0.00226612676903 0.000160022829197 -0.00010646676015 7.83462318748e-08 -3.84002527799e-05 -2.25214839165e-05 2.89101849859e-06 -4.57497633579e-06 1.36662580201e-05 1.07218535481e-05 -4.95510233322e-08 8.97396479622e-10 7.60617535643e-08 -7.38822640559e-12 2.97420481621e-09 4.56755723859e-14 -2.05004636036e-13 -3.72484029011e-15 2.07986408189e-15 -1.20195356919e-16 4.52154164418e-16 1.74704295972e-16 4.26538452359e-18 1.58349140575e-18 4.61874433858e-18 1.78718273255e-17 -1.24317975104e-17 1.66972096326e-18 1.42933263072e-18 -1.11846398977e-19 1.91871746793e-19 6.91724815087e-21 -9.13239955788e-22 -1.74605770589e-22 4.99929682709e-22 -8.38369823828e-23 7.43628055578e-27 4.83538512055e-22 4.202244584e-24 2.49709949008e-24 2.33435385546e-25 -2.88738028495e-25 2.64520655632e-25 -9.12955176802e-28 -1.40912815194e-28 -8.16929506427e-30 5.38183421844e-29 
1.01790611491e-20 -1.44774422292e-18 2.63140757555e-17 -1.10817913125e-17 3.73291389784e-16 -1.4378430389e-15 -6.82095929884e-16 -8.82845563948e-15 9.61991035142e-13 2.99395471485e-11 -6.89013307333e-12 -2.14332514064e-09 -8.17168857594e-10 3.66680497499e-09 -1.85359920395e-10 -4.14866236928e-07 4.76813368413e-08 6.18450910217e-07 -4.71277001533e-07 3.29925518729e-06 1.00855932635e-05 -0.000232236934922 0.000489891174601 -0.000242985112566 -0.00619361065884 -0.00183135642777 -0.999943918291 0.00812108289509 0.00195944183684 -0.000460698393609 0.000297176212934 1.80106975031e-05 2.36874043776e-06 9.07820035811e-06 1.02177550472e-05 -3.28543328093e-06 1.78899009185e-06 -3.85563150913e-06 -2.9808524211e-06 -5.23550822497e-08 1.01850562841e-09 -2.16555984592e-08 -2.09149991607e-11 -8.44370955436e-10 5.47552574764e-13 -5.20485844792e-12 1.81787552196e-13 -5.6802786182e-15 -4.63651299432e-15 1.47753348072e-14 6.12167941289e-15 -4.23938549856e-16 8.36783226584e-16 2.94373577544e-18 1.09910880888e-17 1.16140381912e-16 -3.96914319474e-18 -2.41587257139e-18 2.16014177731e-19 -3.68310462867e-19 -1.12685812434e-19 -6.360187003e-23 7.31321777306e-23 -8.26558590538e-22 1.41148064711e-22 -1.99847481169e-26 -9.24538514985e-22 -7.3483890949e-24 -4.00759952125e-24 -3.70816641759e-25 4.76687434275e-25 -4.26329002232e-25 1.83745786209e-27 2.03677281927e-28 1.567046119e-29 -8.40991715687e-29 
-3.73916864715e-17 -4.12571138921e-18 -1.07006130236e-15 2.58171966905e-16 -5.04155936263e-14 1.59586984733e-15 -5.66553407126e-15 3.19440728746e-13 7.60225880953e-13 4.7036551128e-12 -2.28285384086e-10 -5.6092125908e-10 1.39843437952e-10 2.64892215866e-09 -1.4723996099e-08 -7.54719548284e-08 -1.75116129325e-08 2.26415099015e-07 -1.86040246733e-07 -2.27334004185e-05 -0.000115145332432 2.60943120741e-05 -0.00100972280276 0.0049907089702 0.0682877320138 -0.0092590058672 -0.00844050338368 -0.995019202415 0.0108841527969 -0.0687280295432 -0.0157637575635 0.000321168176151 5.06507408029e-06 4.53016339318e-05 -0.0002000162636 0.000104891400356 -3.28837380674e-06 -2.30510479814e-05 -1.90684651355e-05 1.16164136917e-06 -2.92602269602e-08 -1.25152593384e-07 2.99985210036e-10 -4.98076781625e-09 -1.22557487529e-11 1.16328431478e-10 -3.99884111512e-12 1.28759445315e-13 1.04131430032e-13 -3.30418920344e-13 -1.36940206118e-13 9.44670710804e-15 -1.86636549e-14 -6.71416160665e-17 -2.6057824447e-16 -2.578418021e-15 8.70415474284e-17 5.26257481804e-17 -4.71664469914e-18 8.04476773208e-18 2.50212429264e-18 1.01191101594e-22 -2.2427139067e-21 1.79988102339e-20 -3.07031855232e-21 4.02724814514e-25 2.01919051723e-20 1.66757700146e-22 9.36864664908e-23 8.68504882985e-24 -1.10289089416e-23 9.93517233941e-24 -4.0232462101e-26 -4.65129990347e-27 -3.73620219887e-28 1.9510047004e-27 
-1.91647463565e-17 -1.80376051501e-18 -5.49446912392e-16 1.33227295635e-16 -2.57497422813e-14 9.38602652831e-16 -2.7784941293e-15 1.64117704316e-13 2.39473500564e-13 -1.26177139656e-12 -1.14397136484e-10 7.66986690851e-11 2.53097247618e-09 4.43541119422e-10 -7.38584778746e-09 7.63808192056e-08 -2.54922973564e-07 1.4870264635e-05 -8.66602378812e-08 -0.000521857507924 -0.00181635433559 0.000464669869466 -0.00313338689339 0.0167116766532 0.99688201327 0.0288227764788 -0.00564801747205 0.0678715738299 0.0194878110999 0.00911272208348 -0.00031578420746 0.00108520241249 -9.44269292867e-05 0.00013235766824 0.000182339182866 -1.47968633803e-05 2.17628262179e-05 -7.22261318185e-05 -5.66285459117e-05 1.90219887415e-06 -5.85425781213e-09 -3.92366332564e-07 2.60733595276e-09 -1.53789514682e-08 -4.51985204637e-11 4.24613308075e-10 -1.43586902984e-11 1.31524019444e-13 3.86657190911e-13 -1.22865836665e-12 -4.9257874397e-13 3.64214896219e-14 -7.1737937136e-14 -1.88086389115e-15 -4.73212170283e-15 -7.5383840274e-15 -6.48354078771e-18 -9.26254330825e-17 4.20990109803e-18 -8.39502120648e-18 9.44502832675e-18 7.43051679785e-19 2.27681266967e-19 -3.47818762369e-20 4.42880909363e-21 9.56130095179e-24 -2.1334044206e-20 -1.94411655543e-21 -1.85736148659e-21 -1.7712748847e-22 1.8770783316e-22 -1.89042706266e-22 4.78687747591e-26 7.21238825786e-26 8.4444289609e-27 -3.57274193461e-26 
2.61978143577e-17 2.55953531044e-18 7.98987383537e-16 -1.95669901899e-16 3.7423167218e-14 -2.2668940833e-15 4.04164843247e-15 -2.38980743268e-13 -3.14533749872e-13 1.45446526349e-11 1.70430259249e-10 2.65513735565e-11 -1.14661644619e-10 -2.32810931043e-09 1.0953960733e-08 -5.79535541516e-08 4.16864430357e-09 1.09189253171e-07 2.63109289151e-07 -3.25329049351e-06 3.11424835324e-05 -7.80592864602e-06 -0.000238694632459 -0.00453522287847 -0.0205511600518 0.00408345884215 0.00206007548428 0.00336985621433 0.994941139182 0.0865343337618 0.00382688752698 0.0433089740695 -0.00223474617179 0.0112507979648 0.00905282643117 -0.0010268734765 0.00125505926055 -0.00370640107141 -0.00291190966373 2.26613420809e-05 -1.61956232885e-07 -2.05936904369e-05 9.6187738112e-09 -8.04138227549e-07 -1.34618881898e-11 1.37461138443e-11 3.2549605456e-12 -1.45827013731e-12 -2.98945729801e-14 1.58733377339e-14 2.66419814163e-14 -7.196065992e-15 9.82778541303e-15 -3.46518377592e-15 -1.12211383233e-14 9.17425398752e-15 -1.1048955088e-15 -9.35992937879e-16 7.29479457742e-17 -1.25968291199e-16 -4.72308112809e-18 1.05457970326e-18 2.83836294101e-19 -3.27848125078e-19 5.39752553403e-20 3.25056185263e-24 -3.17290673662e-19 -4.23294171912e-21 -3.09695116469e-21 -2.92229444177e-22 3.35636957807e-22 -3.21489655834e-22 6.13728024781e-25 1.44255406539e-25 1.2423301482e-26 -6.27904697967e-26 
1.45614311454e-17 1.48289618096e-18 3.45816456662e-16 -8.0496061034e-17 1.6341448455e-14 8.17952692378e-16 1.8398345762e-15 -1.02723910103e-13 -3.06346872203e-13 -2.06136057058e-11 6.84243914974e-11 1.89083113197e-11 -4.29199586171e-11 1.303671409e-09 4.53088685209e-09 1.4132395574e-08 4.01734980364e-09 -5.49417263672e-07 -1.46415881622e-07 6.57675146163e-06 -4.91573917982e-06 6.1578806148e-06 0.000127897773186 0.0025898571705 0.00236602168928 0.00357676025447 0.00115140036606 0.0708711000813 0.0861308070158 -0.989536202532 -0.0913085365958 0.00158240227825 0.0015709492631 0.00266634920948 -0.000870377327462 0.000530841138574 2.7673608888e-06 -0.000198901042508 -0.000158513572617 1.08858081479e-05 -1.73562937227e-07 -1.06301460937e-06 8.93660570478e-09 -4.22287822814e-08 -2.05559651483e-10 1.94511310705e-09 -6.63778642339e-11 1.22452667094e-12 1.76385044282e-12 -5.59673081371e-12 -2.2704686401e-12 1.64363307249e-13 -3.23776822781e-13 -5.85196402357e-15 -1.50797521639e-14 -3.80535431932e-14 5.45988449325e-16 7.88883620202e-17 -1.87506685116e-17 2.8403969066e-17 4.31050210289e-17 2.18229335171e-18 6.58341941663e-19 1.8087854914e-20 -7.51479318506e-21 3.10291010933e-23 7.05684477716e-20 -4.66641862844e-21 -4.89207518339e-21 -4.68150273955e-22 4.84073258175e-22 -4.95240510227e-22 -1.23176344099e-25 1.82661355548e-25 2.26457781849e-26 -9.30483930423e-26 
-1.04168978275e-19 -1.02853703947e-20 -2.49432574048e-18 5.82566554085e-19 -1.17648262643e-16 -5.19807999273e-18 -1.30588315232e-17 7.41243646421e-16 1.94398327423e-15 1.3616444925e-13 -4.91737735111e-13 3.68234992795e-13 -7.56569353885e-12 -9.55555118298e-12 -3.26309552546e-11 -4.76700776318e-11 7.96352376047e-10 -7.77854205418e-08 -2.2602706548e-08 1.8706151394e-06 3.30393565605e-06 -7.43505682707e-07 7.65126628728e-06 0.000353710133732 -0.00170872324106 -7.71098308408e-06 -0.000259209384569 0.00925113193089 -0.00301719982824 0.0921297346511 -0.994932993502 -0.0196708216596 -0.014626089509 -0.0164965381587 -0.0230522885109 0.0103259804502 -0.00337642981446 -7.90705986848e-05 -0.000341344758015 0.000307950676705 -8.93632896324e-06 4.11640442531e-07 4.82744510549e-08 -1.37689588461e-08 -3.31833392934e-09 3.17330434058e-08 -1.0999010242e-09 4.15246238236e-11 2.83982684655e-11 -8.99554048772e-11 -3.75121651174e-11 2.56778512749e-12 -5.06935424948e-12 6.69835367962e-15 -8.38415474237e-15 -7.41030894502e-13 2.93815204032e-14 1.92447253597e-14 -1.6587900774e-15 2.84615956385e-15 6.87180958522e-16 -1.05048817917e-17 -3.87789719239e-18 6.63107626472e-18 -1.11011356707e-18 8.14145381478e-24 7.14858892255e-18 8.27077882784e-20 5.67430059283e-20 5.32742754108e-21 -6.26443764683e-21 5.91178643674e-21 -1.4278104061e-23 -2.56276661856e-24 -2.387330583e-25 1.14377379747e-24 
1.74103642932e-20 1.78795039562e-21 4.15080469018e-19 -9.66877024176e-20 1.96159878325e-17 9.4255706249e-19 2.20967646241e-18 -1.23309907935e-16 -3.67501393869e-16 -2.42443933821e-14 8.23918523894e-14 3.38458907552e-14 9.01557328658e-13 1.44705637055e-12 5.45954320545e-12 2.87563640018e-11 -9.3392427976e-11 7.39875936048e-09 1.65030217467e-09 -2.05699249648e-07 -4.87281051786e-07 1.44149223376e-07 -1.02494271665e-06 -2.33820788172e-05 0.000258857573628 0.000103052746801 6.66100454901e-05 -0.000168519880837 0.0418325336868 0.00104535988592 0.0170966156847 -0.98356974958 0.094936239395 0.134668123306 -0.0575032610234 -0.000962468355528 0.00369294369905 -0.00596807716357 -0.00541317013336 -0.00354725513659 -8.5624001155e-06 -5.56230773746e-05 -6.31133558494e-06 -2.11277761524e-06 1.09458306308e-07 -1.03156043857e-06 3.50055787537e-08 -3.2079288856e-10 -9.41398590538e-10 2.98980415801e-09 1.19703091568e-09 -8.9041714231e-11 1.75192527879e-10 4.68068177505e-12 1.16378948685e-11 1.8378294382e-11 2.25725370451e-14 2.32292011079e-13 -1.06834133138e-14 2.12909691019e-14 -2.31636596609e-14 -1.8739988927e-15 -5.76813337274e-16 8.71526757224e-17 -1.10659376239e-17 -2.42736334673e-20 5.40758372258e-17 4.93757960996e-18 4.71687680242e-18 4.49806644639e-19 -4.76698730134e-19 4.80068767318e-19 -1.22193362392e-22 -1.82839860301e-22 -2.14764054155e-23 9.06951086083e-23 
6.07823743795e-24 2.8084937016e-24 5.66229034094e-23 -2.59306712187e-24 4.09000990082e-21 3.7121324244e-21 1.69210311263e-21 -1.51623608954e-20 -1.75719073876e-18 -7.08093559803e-17 2.73412583206e-17 3.46298439072e-15 -5.54442093436e-14 -2.40226246977e-15 1.24917797973e-15 3.60121316995e-13 5.80723805439e-12 -6.78408758363e-10 -2.48432864273e-10 1.38854413874e-08 1.27372158065e-08 -2.88814233564e-09 5.39364487337e-08 4.08863696884e-06 -5.94149454604e-06 -3.02146851994e-06 -4.97163622186e-06 5.9511449323e-05 -0.00164020704269 0.00296730760767 -0.0157211835971 0.0925374110141 0.995092231808 -0.0264113301572 -0.00737835642834 -0.0147377596686 -0.000211774805806 -0.000407364071303 0.000459566663719 -3.54803050013e-05 5.58598081996e-07 -2.25716652641e-06 7.25040304901e-08 -8.7483054102e-08 -2.11914174673e-09 2.05197605317e-08 -9.69629033716e-10 2.14236749698e-11 1.96225240712e-11 -5.86896153475e-11 -2.43015593839e-11 2.12634418193e-12 -4.59082385531e-12 -4.33467820416e-14 -2.6227901757e-13 -5.51724900462e-13 5.00203345878e-15 -1.50349052335e-15 -6.81748013986e-17 6.38559566331e-17 6.66294279082e-16 1.72483585825e-17 3.71198125227e-18 -7.21300732503e-19 9.1951662043e-20 1.42744004096e-22 1.38433016419e-19 -2.10102452098e-20 -2.18545895631e-20 -2.10270578274e-21 2.18466534368e-21 -2.22327896029e-21 -1.7148975417e-25 4.67731858311e-25 1.37078356624e-25 -3.80299917865e-25 
-5.77704421007e-24 -9.45147564845e-25 -1.98327142253e-22 4.89111107664e-23 -9.40832737461e-21 9.34216954164e-22 -1.07519941896e-21 5.90364532514e-20 1.32262735744e-19 -7.02140774506e-18 -4.92928296161e-17 -3.99458380031e-16 -9.91166842307e-14 5.9417727417e-15 -3.67681177405e-15 -8.48429352257e-13 1.02422697936e-11 -1.85959020592e-09 -9.45011574414e-10 2.73691746565e-08 -3.99014560508e-08 7.01411485963e-09 4.44552531627e-08 1.63522713808e-05 2.58769259713e-05 -3.62357839943e-05 -3.05829262592e-05 -1.23427934265e-05 -0.0178298927511 0.00318905421887 -0.0211933448485 0.12819670701 0.0149707000458 0.984223129345 0.115055292532 0.0194668737709 0.000959789185954 0.0122430381244 0.00815903921176 0.00591673398305 8.78243374357e-07 8.59431923892e-05 3.60391731653e-06 3.92790861796e-06 -4.43336102842e-09 1.58033777355e-08 1.69932799862e-10 -3.49108765895e-10 -1.30052308599e-12 -3.02628920687e-11 -7.3003841846e-12 -1.01093466904e-12 1.57649496644e-12 -7.98673947799e-13 -2.3509656231e-12 1.90456882189e-12 -2.30722659634e-13 -1.957072864e-13 1.52367452419e-14 -2.63262429553e-14 -9.96637513965e-16 2.47690512296e-16 6.94457196106e-17 -6.84968684875e-17 1.12168850952e-17 1.15958918556e-21 -6.63011487142e-17 -9.72784846357e-19 -7.34360577643e-19 -6.93786575233e-20 7.88581107172e-20 -7.60262700106e-20 1.28469023194e-22 3.39189024016e-23 2.95035048912e-24 -1.48360468115e-23 
1.88890219337e-24 7.04265074138e-25 2.65327269996e-24 3.13370125491e-24 5.14833855314e-22 1.4368046309e-21 4.12618550669e-22 -4.46361460936e-22 -5.11030766391e-19 -2.48998026111e-17 1.33178422036e-18 8.75026494276e-16 -6.37247564319e-14 2.04603772824e-15 -3.70074077693e-16 -3.65049533661e-13 6.60759454296e-12 -7.84471131672e-10 -2.78144773305e-10 1.61126511705e-08 1.58183059543e-08 -3.3320421333e-09 5.32621099751e-08 4.61825810345e-06 -7.45820762661e-06 -8.90185859201e-06 -6.82791245844e-06 2.49863616606e-05 -0.00458514672147 0.0001790710861 -0.0198351957267 -0.0720833409826 0.0110310802095 -0.107376180407 0.991170533963 0.00964588193054 0.0134036754149 0.00469117974473 -0.00492983762809 -0.000362237330765 1.65247125303e-05 2.72873153333e-05 1.16846076382e-08 9.98430397504e-07 3.56730404242e-09 -3.36939111853e-08 3.56643356092e-09 -8.70499242475e-11 -3.7863069859e-11 8.863815141e-11 4.22761331497e-11 -5.96516272176e-12 1.58717522124e-11 -1.64063161878e-13 1.20622134086e-12 1.95468237855e-12 6.04819027822e-16 2.18840281917e-14 -1.10189805973e-15 1.96821568426e-15 -2.50655713275e-15 8.27941485638e-17 4.28378246555e-17 8.61852836388e-18 -1.68465249893e-18 2.34589794281e-21 5.10232825587e-18 -3.84915360302e-19 -3.95487724717e-19 -3.76816312601e-20 3.91243636818e-20 -3.99622416533e-20 -7.9829553103e-24 1.78378714596e-23 1.51816942576e-24 -7.83507393947e-24 
6.51057301452e-25 4.61384096939e-25 -9.65013024083e-25 2.15102401772e-24 2.07802941005e-22 6.57062529785e-22 2.48857478779e-22 5.15668087042e-22 -3.11791202753e-19 -1.2332347295e-17 2.26433502931e-18 6.17949020138e-16 -2.16784302978e-14 3.78131359217e-17 -3.10142790814e-17 -4.43723720761e-14 2.25491572122e-12 -2.70330939108e-10 -9.66833323052e-11 5.5092721708e-09 5.23040257774e-09 -8.61481541369e-10 1.73153638827e-08 1.60256860927e-06 -2.45091322114e-06 -1.62946438579e-06 -2.20910431809e-06 2.27229644946e-05 -0.00128853181581 0.000342324690195 -0.010536366969 0.000701831548602 -0.014414407585 0.0179353047503 0.0130018882712 -0.990053583981 -0.0398114595129 -0.0717435401481 0.110640196849 0.00292603068888 0.000192179557254 -0.000419436360562 1.09965656626e-05 -1.25964029693e-05 -1.09683540978e-07 1.05531204788e-06 -1.20968480837e-07 3.07882498838e-09 1.16097515765e-09 -2.70904496896e-09 -1.31677091928e-09 1.93429974263e-10 -5.15008955691e-10 3.79119159786e-12 -3.54110063323e-11 -6.63277659425e-11 3.45135295739e-13 -4.04828862788e-13 1.18687223412e-14 -2.26271234291e-14 8.13796497476e-14 -2.04429414841e-15 -1.11194322735e-15 -1.7003106861e-16 3.44224028023e-17 -5.96488621507e-20 -6.12879028203e-17 1.06284615171e-17 1.0638568538e-17 1.01261994626e-18 -1.0589547004e-18 1.07650977606e-18 5.24956327971e-23 -4.72681642834e-22 -4.17503913404e-23 2.10159146255e-22 
6.34049506566e-25 4.81289297253e-25 -9.40953302103e-25 2.17130184421e-24 2.19020968262e-22 6.5677230158e-22 2.58456830178e-22 5.19219148278e-22 -3.22293458133e-19 -1.24622634169e-17 2.56047930274e-18 6.47333497458e-16 -2.03039943022e-14 -9.72301198668e-17 -5.87492267597e-18 -2.5348608885e-14 2.11344655784e-12 -2.50199326884e-10 -8.81067829474e-11 5.15146473434e-09 5.22240585816e-09 -8.4330714387e-10 1.63977860162e-08 1.45674382058e-06 -2.48255191786e-06 -1.49248520758e-06 -1.73984494804e-06 2.33878852932e-05 -0.00132341975771 0.000212082631144 -0.00358727083625 0.00429933065817 -0.000950138890951 0.000499128424991 -0.0129362157656 -0.0427973912106 0.998680299466 0.0229771846086 -0.00786659833685 0.00293386129976 0.00243477769628 0.000146945639816 5.73829012847e-05 2.18434793869e-05 -5.1778193683e-07 4.89656166262e-06 2.04927454884e-06 -1.55102363546e-07 1.64957022558e-09 -2.54872333714e-08 -2.28943229272e-09 -6.23766070826e-09 2.5672932715e-09 3.39954860992e-08 -4.36643160828e-10 1.83329434878e-09 -1.4314886993e-10 -4.89764355204e-11 6.89625746506e-12 -9.89791706328e-12 1.39284753163e-11 -1.28675021187e-11 -4.82163800443e-12 -4.86590634006e-14 3.66861424562e-14 -2.28771077395e-16 -2.99824318571e-14 4.19823783736e-14 4.15703612598e-14 3.96229949715e-15 -4.15127816329e-15 4.21637723096e-15 8.2528431618e-20 -1.94352646744e-18 -1.54338365305e-19 8.32786070002e-19 
2.24387641877e-26 2.9297017317e-26 -1.12405601577e-25 1.29213953503e-25 1.06124410097e-23 3.16836989725e-23 1.5221672739e-23 4.758799302e-23 -1.89650458585e-20 -6.42611355592e-19 1.97559667436e-19 4.05472442895e-17 -7.60301123322e-16 -3.91051204281e-17 5.26206534885e-18 3.21836390506e-15 7.9502355249e-14 -1.01972762874e-11 -3.9434707362e-12 1.97239805069e-10 1.22418033665e-10 -1.39663930858e-11 5.85343898211e-10 6.52188085152e-08 -5.12569786809e-08 1.69300282183e-07 6.16529005249e-08 1.70238563721e-06 0.000141043351213 2.58323410627e-05 -0.000950641761283 0.000572560596846 -0.00138602703735 0.0012958105587 -0.00500471857332 -0.129682534589 -0.0264400519095 0.650800206453 -0.747435542305 -0.015171801206 -0.00274934911976 0.00385921740046 -0.000114685411927 0.000111818291516 6.21282983052e-06 -5.96786634922e-05 -2.13111607531e-05 1.64311601999e-06 -2.78791762556e-08 2.93932018306e-07 3.4361945906e-08 6.58678689019e-08 -2.33533349128e-08 -3.67670303636e-07 5.07328280149e-09 -1.92792789462e-08 1.54911475042e-09 5.36622347595e-10 -7.49552871415e-11 1.07700973788e-10 -1.51320219253e-10 1.39172734289e-10 5.21534282914e-11 5.28908922717e-13 -3.97247448914e-13 2.47460956618e-15 3.25945766811e-13 -4.54105710875e-13 -4.49654104126e-13 -4.28590020339e-14 4.4903006551e-14 -4.56072359985e-14 -8.95067100191e-19 2.10221611691e-17 1.66946474524e-18 -9.00795027853e-18 
-4.29795601005e-26 2.59824418286e-25 -1.84080714044e-24 1.10697072438e-24 5.25102750833e-23 1.57263195732e-22 1.27467183508e-22 6.64770013366e-22 -1.58717008409e-19 -3.97003488038e-18 2.35971085543e-18 3.76626515375e-16 -1.29820408994e-16 -8.22579502965e-16 1.26798650225e-16 9.57069522815e-14 2.18014763892e-14 -2.53456011252e-11 -1.88635378333e-11 1.51348019972e-10 -2.1806744569e-09 4.25566758684e-10 -4.39819251466e-10 3.51468928429e-07 1.29759753544e-06 -6.70233804768e-06 -5.36111114328e-06 -1.13683081607e-05 -0.005348364488 -0.000133718229009 -0.000405709401539 0.00965609978643 -0.000814414074736 0.0135568764447 0.00249099236168 -0.0185966795238 0.0114109551432 -0.75527837662 -0.654757397607 -0.00305590494012 -0.0015210568451 -0.00663831695483 -0.000123888972081 -0.000170966936334 0.000160228022244 -0.00153754995525 -0.000660443299032 4.93102975516e-05 -5.69348321591e-07 8.14850543118e-06 7.30654347678e-07 1.99714151085e-06 -8.15135274959e-07 -1.08968288645e-05 1.40500841614e-07 -5.86498368147e-07 4.58738993405e-08 1.5701474687e-08 -2.21041780725e-09 3.17248539971e-09 -4.46587362822e-09 4.12453402862e-09 1.54552718158e-09 1.55983256842e-11 -1.17595518244e-11 7.3330327566e-14 9.61012990804e-12 -1.34570477608e-11 -1.33249770719e-11 -1.27007673466e-12 1.33065213336e-12 -1.35151891163e-12 -2.64505327058e-17 6.22977012587e-16 4.94718292755e-17 -2.66941345476e-16 
-5.68982686238e-26 -1.61616950526e-25 8.57587483958e-25 -7.03267711284e-25 -4.6840437689e-23 -1.40701805852e-22 -8.19185195591e-23 -3.30390595065e-22 1.02072969979e-19 3.06892428258e-18 -1.25384267966e-18 -2.28365117518e-16 2.48545320251e-15 3.4229819576e-16 -5.02433886429e-17 -3.53631931169e-14 -2.62031097089e-13 4.0529310636e-11 1.84998176471e-11 -6.80053557545e-10 2.7787486938e-10 -7.23803641366e-11 -1.78841924275e-09 -3.15321214584e-07 -2.30322778571e-07 4.43623294714e-07 3.99429997728e-07 -3.3286080841e-06 0.000222987785285 -3.6136087356e-05 0.000511382344294 -0.0042423357871 0.000313517152305 -0.00537424794423 -0.0005875278717 0.000879276795427 -0.00316823863973 0.00758599928573 -0.0137205134443 0.999837600375 0.00045433841441 0.00419653324252 0.00160747893476 0.000215877486648 -2.95446770529e-05 0.00027815341356 -7.28866670363e-07 -4.96665990777e-07 2.42512805026e-07 -8.50277505253e-07 -3.10057462745e-07 -6.10505832336e-10 -3.21024415705e-08 1.19633995759e-07 -4.3150820443e-09 2.33021412337e-09 -5.21349407694e-10 -2.34113096905e-10 2.74297400843e-11 -4.09420594984e-11 5.48584462596e-11 -4.52504542891e-11 -1.69860582671e-11 -1.95309670602e-13 1.33219305369e-13 -8.06711308718e-16 -1.21169326984e-13 1.47907503402e-13 1.46503207133e-13 1.39639901906e-14 -1.46284975052e-14 1.48590217322e-14 3.2687225393e-19 -6.85955709221e-18 -5.42857267983e-19 2.93594750564e-18 
3.97775382382e-29 1.72066900203e-28 -9.88224307177e-28 7.46170350143e-28 4.61661276783e-26 1.39237881248e-25 8.65864482262e-26 3.73104681138e-25 -1.0790346053e-22 -3.11990916798e-21 1.38461682509e-21 2.44581155099e-19 -2.15530064801e-18 -4.02176581044e-19 5.97962765773e-20 4.28291234885e-17 2.28263863417e-16 -3.92486627569e-14 -1.91184893953e-14 6.08718281438e-13 -6.45853614318e-13 1.33061977323e-13 1.453514269e-12 3.41002974637e-10 4.5212271762e-10 -4.82682345123e-09 -3.93905484551e-09 -7.60242702853e-09 -3.87820366734e-06 -3.3266919478e-08 -1.13621168511e-06 2.08616493673e-07 -1.92354089044e-07 2.44561753671e-05 2.17699816781e-06 -9.12939969693e-05 -0.00247746158331 0.00057384062073 -0.00305938672315 -0.000597146614383 0.998675205855 0.00118802571798 0.0502398978325 0.0066568428089 -0.000802544440167 0.00770382944582 -0.00136843124196 2.99556774888e-05 1.20893278753e-05 -2.82490533905e-05 -1.04972513693e-05 -1.03548743727e-06 -9.15460773466e-06 2.67157617615e-05 -5.01451719839e-07 -5.26469096391e-07 -4.33661041176e-08 4.20828499878e-09 1.64222197508e-09 -1.30985744021e-09 1.28367770832e-08 -1.01153290152e-08 -3.79168182712e-09 -2.36048565603e-11 2.63399640312e-11 -1.79494829458e-13 -7.3223100644e-12 3.31309047523e-11 3.27484609965e-11 3.1212449756e-12 -3.27168305739e-12 3.3219419562e-12 3.16130314828e-17 -1.53028166814e-15 -1.21708019495e-16 6.56007418114e-16 
4.41342238549e-29 4.91138332524e-28 -3.05621432436e-27 2.11672599978e-27 1.20154416758e-25 3.61762540118e-25 2.44943243925e-25 1.13337946521e-24 -3.05163893088e-22 -8.4064571025e-21 4.13262427223e-21 7.03035082613e-19 -4.06802802143e-18 -1.29211119192e-18 1.95110463739e-19 1.42992350944e-16 4.36209267224e-16 -8.96708411676e-14 -4.80481786286e-14 1.22622120415e-12 -2.68142578243e-12 5.34009975476e-13 2.38372968816e-12 8.73512580303e-10 1.72961685899e-09 -1.57481104792e-08 -1.26824452769e-08 -2.63982661452e-08 -1.27300328947e-05 -2.49242422248e-07 -1.39437910063e-06 1.66686771467e-05 -1.37473858019e-06 4.09601025458e-05 5.70418404396e-06 -3.74773236215e-05 3.08381020218e-05 -0.00758970204325 -0.00135078396495 -0.00416726417999 -0.00153638130977 0.999897946362 0.00648056650525 8.93430817048e-06 -7.19568305248e-05 0.000805037892417 -0.00899581298017 0.00116627181273 7.79718102827e-06 1.07374024425e-05 -2.74067428718e-05 8.6213663422e-06 -2.19190842807e-05 5.25879449453e-06 8.39386190864e-06 -9.50264949596e-06 9.31115956447e-07 7.73026571262e-07 -6.0551625419e-08 1.04704146773e-07 6.55919639876e-09 -1.94253321494e-09 -6.40764913972e-10 2.68664305483e-10 -4.18427027168e-11 -2.19786244878e-14 2.63251854429e-10 7.07830193202e-12 6.09090158862e-12 5.78055962417e-13 -6.30467139575e-13 6.23929138372e-13 -5.12412705537e-16 -2.79799921965e-16 -2.38413086078e-17 1.22162554282e-16 
5.41319317981e-29 8.49565157071e-29 -3.69692529213e-28 3.74571894282e-28 2.86264699112e-26 8.64410754304e-26 4.38385036544e-26 1.4999715195e-25 -5.46621902352e-23 -1.78780162785e-21 5.95106088311e-22 1.18322636901e-19 -2.06500560138e-18 -1.28349410382e-19 1.76477320661e-20 1.11081826244e-17 2.1611809936e-16 -2.97837457583e-14 -1.23245444353e-14 5.44774013092e-13 1.18937875287e-13 -1.29717101563e-14 1.57366589597e-12 2.10904593867e-10 -8.89536243391e-12 -1.21935263717e-09 -1.01675889386e-09 -2.26353990618e-10 -9.4783855209e-07 1.52529277598e-08 -4.1494331154e-07 2.18505704766e-06 -1.60046786396e-07 7.75798354616e-06 6.28034852034e-07 -3.15087280552e-06 7.31755673137e-05 -9.7260956718e-05 -6.17808395201e-05 -0.00157094532309 -0.0506671813783 -0.00660863866949 0.995755555485 -0.00200949749557 -0.00911199381007 0.0759565651544 -0.000927049286105 -0.000375017179895 7.91835895303e-05 -0.000245905354275 -8.64488859529e-05 -2.47515975285e-06 -2.40203375006e-05 9.26729278479e-05 -4.70711188675e-06 2.01656967994e-06 -5.04334956334e-07 -2.72061668391e-07 2.77921598162e-08 -4.35678434907e-08 4.40773173309e-08 -3.47921383189e-08 -1.30797385975e-08 -1.84834106098e-10 1.08397363377e-10 -6.22007772029e-13 -1.23749007723e-10 1.13759282476e-10 1.12780080483e-10 1.07497952569e-11 -1.12578277428e-11 1.14380000777e-11 3.40030788287e-16 -5.31272164012e-15 -4.1458800497e-16 2.26346783912e-15 
-5.78620866157e-29 4.04303321637e-28 -2.8338886797e-27 1.72423938271e-27 8.32156335858e-26 2.49347645477e-25 1.98633902224e-25 1.0255494546e-24 -2.47342573756e-22 -6.24246517858e-21 3.64835011995e-21 5.85415779344e-19 -4.74794998793e-19 -1.26117439134e-18 1.94117455033e-19 1.46215699752e-16 6.21117481789e-17 -4.23851105405e-14 -3.02217674131e-14 3.02510931961e-13 -3.2854504191e-12 6.42346066619e-13 -4.54163575917e-13 5.60371699374e-10 1.96302431104e-09 -1.02367653066e-08 -8.19557958748e-09 -1.7109517708e-08 -8.16059511521e-06 -1.97251223423e-07 -7.07453915158e-07 1.49239352556e-05 -1.31699477314e-06 2.18320708569e-05 3.66961713333e-06 -3.45486247544e-05 2.570074326e-05 -0.00112072112741 -0.0010240554484 -0.000156442066805 -0.00385041682391 -0.000378295376222 -0.0767987203442 -0.00427551884945 -0.103611824336 0.991568120237 -0.00552844509422 0.00347416654735 0.0011970536644 -0.00490411551405 -0.00134211640742 -0.000811393360549 -0.000873412379706 0.00723089249025 5.1110918084e-05 2.82069250955e-05 -6.3311859076e-06 8.06703090363e-06 -2.96597983837e-08 4.70125418995e-07 3.2166820896e-06 -2.73628891321e-06 -1.0238166964e-06 -3.85231756592e-09 6.68770969264e-09 -4.83500112735e-11 1.10632400674e-10 8.95329337777e-09 8.84275097241e-09 8.42776575477e-10 -8.83499603341e-10 8.97052831002e-10 7.81043479521e-15 -4.16652285852e-13 -3.251302316e-14 1.77513943496e-13 
-2.90560473429e-29 1.79827889196e-28 -1.27173072866e-27 7.6628740709e-28 3.6457375729e-26 1.09199650671e-25 8.82438324691e-26 4.59420299174e-25 -1.09878746649e-22 -2.75268948521e-21 1.63136484428e-21 2.60619093881e-19 -1.11389501982e-19 -5.6785104591e-19 8.75098645256e-20 6.60275144121e-17 1.73147994142e-17 -1.77811704246e-14 -1.31288740379e-14 1.10064815885e-13 -1.50147973642e-12 2.93090070456e-13 -2.86533090208e-13 2.44458103698e-10 8.94146265005e-10 -4.64317197269e-09 -3.71558391636e-09 -7.86883436134e-09 -3.70539218539e-06 -9.18274546533e-08 -3.02765586012e-07 6.66776660054e-06 -5.91271940957e-07 9.53408174902e-06 1.64488424942e-06 -1.57809975107e-05 2.04660653474e-06 -0.000561380854818 -0.000471852691599 -4.31791963667e-05 0.00126115862369 0.0090583544487 0.000553721542944 0.00270797675232 -0.00253116791917 0.0057246433746 0.993877225434 -0.109801996456 -0.00117910209385 -0.00161573568281 0.0025640290339 -0.00102577782945 0.00272195831688 -0.000389813682396 -0.000686375177925 0.000953275742954 -8.33144767219e-05 -6.78763628114e-05 5.35606163551e-06 -9.25392597663e-06 -6.79795414014e-07 1.43741512215e-07 4.67175822272e-08 -2.36184497559e-08 3.73672965935e-09 1.48216108327e-12 -2.32719166305e-08 -5.41003363518e-10 -4.54638375683e-10 -4.31103422325e-11 4.73613018107e-11 -4.66525259656e-11 4.54482314992e-14 2.07965059023e-14 1.79805135294e-15 -9.11789637024e-15 
8.82415119877e-31 -4.95032541761e-30 3.52875215405e-29 -2.10785937526e-29 -9.89827282081e-28 -2.96360584247e-27 -2.42655896201e-27 -1.27281796488e-26 3.0213740102e-24 7.51826018389e-23 -4.51239749792e-23 -7.1802086448e-21 5.59550921639e-22 1.58044938433e-20 -2.43825480032e-21 -1.84250330467e-18 -2.17613950496e-19 4.62229944571e-16 3.53360667024e-16 -2.41375759516e-15 4.22951746418e-14 -8.24783858151e-15 1.00004674536e-14 -6.59682541591e-12 -2.51028789731e-11 1.26903815249e-10 1.01502563366e-10 2.15922711758e-10 1.01218470463e-07 2.55442318947e-09 8.0052790498e-09 -1.84187807498e-07 1.64120609496e-08 -2.54399844421e-07 -4.48689974215e-08 4.43756754113e-07 1.65467217485e-07 1.24812563501e-05 1.31858346184e-05 -1.14820041942e-06 -0.000117553965795 0.000173431899114 -0.000694353157519 0.00147912135728 -0.00141340573781 0.00261295824612 -0.109751690728 -0.993105831759 0.024017536728 -0.0151454803189 0.0193376852304 0.00345467021911 -0.0169917067759 -0.00413230680924 -0.0126017854445 0.00502183732791 -0.0010284545271 -0.000911235078675 6.97885467161e-05 -0.000120747609398 3.37070924978e-07 1.48571268106e-06 4.2773600117e-07 -3.20663572203e-07 5.1839574468e-08 1.0177570809e-11 -3.04186626781e-07 -5.33525905878e-09 -4.23538741779e-09 -4.00997978e-10 4.48402158746e-10 -4.36749964124e-10 5.88279418946e-13 1.93390098375e-13 1.70380069626e-14 -8.51413542549e-14 
-3.54823574955e-32 5.28249196807e-31 -3.56726750495e-30 2.26061904344e-30 1.15408915158e-28 3.46428092073e-28 2.60807599318e-28 1.30053786623e-27 -3.24817584863e-25 -8.44486314827e-24 4.661819883e-24 7.62039371562e-22 -1.84600965528e-21 -1.56361990146e-21 2.39345810038e-22 1.78887599568e-19 2.07802526393e-19 -6.87366715928e-17 -4.34766349651e-17 6.96764944656e-16 -3.82208639953e-15 7.51529551755e-16 4.39459483348e-16 7.95359022961e-13 2.32226377287e-12 -1.29113656402e-11 -1.03591726356e-11 -2.07215411621e-11 -1.02703555023e-08 -2.20139807592e-10 -1.0954357133e-09 1.91402086149e-08 -1.66138776513e-09 3.23751431951e-08 4.73429565162e-09 -4.30790885124e-08 1.0419548706e-07 -1.1249281285e-06 -1.23897024801e-06 -1.11869838455e-06 -5.06880117544e-05 -2.14076290498e-06 0.00116232410215 -0.0012730272792 0.99456828613 0.104019904221 0.00178347498859 -0.00130274413345 0.000330906826593 -0.0010916936182 0.00171998824266 -0.000877885404924 0.00094090146084 0.000123308372897 -2.32053896991e-05 1.64911886646e-05 -1.74476643345e-06 -3.38101571371e-07 6.64959648041e-07 -1.65243239876e-07 -3.53203311875e-07 -1.01705156306e-07 -3.61546485805e-08 4.86923350794e-12 2.28252064998e-10 -2.69804160822e-11 -4.91568269284e-10 1.37451953176e-10 3.6854513674e-10 4.33948217428e-11 -1.08689215846e-10 3.08727619543e-11 -2.44672975053e-12 2.66031655915e-12 -2.78592090837e-13 -2.82262379304e-13 
1.82992170516e-32 -4.69579284957e-33 9.27407100499e-32 -1.67042033737e-32 1.98555188422e-30 6.1628687286e-30 -1.74730675194e-30 -2.92894108837e-29 2.15437392779e-27 -5.41820730353e-26 -8.81866361605e-26 -8.04781623602e-24 -5.23269104944e-22 5.12409222375e-23 -8.45552367218e-24 -6.96246586065e-21 5.39179500459e-20 -5.1823789873e-18 -1.30156959014e-18 1.26203575188e-16 2.50162981375e-16 -4.6504013818e-17 4.5300851768e-16 1.93944120012e-14 -1.32815500915e-13 3.61310722745e-13 2.78870970042e-13 1.05118158782e-12 2.96399885243e-10 1.82492991504e-11 -6.47261615466e-11 -4.18038520468e-10 4.83321951754e-11 9.235573218e-10 -4.64949055056e-11 1.41595079016e-09 1.03693556722e-08 -0.000212006953599 -6.7360409897e-06 -0.000214194783076 -0.00676211779175 -5.90280612887e-05 0.00133154343833 0.998791941534 0.000714668616661 0.00454017650789 -0.00265437261684 0.00231542291839 -0.0112995157837 -0.0142947442772 0.0352179702926 -0.0205871839959 0.00627805975035 -0.0172614860046 -4.20559718965e-05 -1.63704604392e-05 3.7794335936e-05 -2.89381240889e-06 2.76258835631e-06 2.9184317119e-07 -1.76371374478e-05 4.34552911335e-06 1.67569556382e-06 2.5835069564e-08 -1.40799604335e-08 8.31764308892e-11 2.99896634628e-09 -1.47920710938e-08 -1.4647544985e-08 -1.39678972318e-09 1.47196486071e-09 -1.48478066489e-09 2.77718261096e-13 3.62057606372e-13 8.866158899e-14 -2.58029898772e-13 
8.38085013025e-33 6.46217667608e-32 -3.93239340485e-31 2.78950839615e-31 1.62474985614e-29 4.89177250586e-29 3.23092380045e-29 1.46560223122e-28 -4.02544650299e-26 -1.12451630205e-24 5.372029648e-25 9.2320625608e-23 -6.08173122367e-22 -1.64842063913e-22 2.47989297558e-23 1.80788657964e-20 6.49289785e-20 -1.25192515758e-17 -6.51873614054e-18 1.79058914024e-16 -3.15090592122e-16 6.38120053642e-17 3.77309784008e-16 1.16183869284e-13 2.05097783869e-13 -1.42582208179e-12 -1.1517762043e-12 -1.97092779388e-12 -1.12870143576e-09 -1.58091159782e-11 -1.87545832687e-10 2.15802993369e-09 -1.78480461532e-10 4.87351325851e-09 5.88703771304e-10 -4.6119996968e-09 1.58731662507e-08 -3.29954128013e-06 -2.31495027671e-07 -3.45674108285e-06 -0.000102433868169 2.36655358457e-06 -0.000104607089865 0.0147309422716 0.000674550041851 0.00491993701514 -0.000574045146471 -0.0189328558752 -0.12568730593 0.990293281444 -0.0406399072966 -0.00495580070005 -0.00374642119952 0.0350879270693 -7.20105732027e-05 0.000288382079811 -5.47504584177e-05 1.64613362004e-05 1.98528407499e-06 -7.58279015292e-07 1.4839654235e-05 -1.34416818545e-05 -5.02870140272e-06 -2.57543721645e-08 3.40238883499e-08 -2.39603316967e-10 -7.15817486173e-09 4.39090673095e-08 4.34102249956e-08 4.13802175669e-09 -4.34211764628e-09 4.40309747245e-09 -1.36098052323e-13 -1.83960558806e-12 -1.80753394539e-13 8.49240881653e-13 
7.15573576011e-32 4.68929060702e-32 -6.33419257918e-32 2.14822874555e-31 2.27453090099e-29 6.91522986506e-29 2.55258296278e-29 4.18398434527e-29 -3.18827852701e-26 -1.28667120015e-24 2.19451451635e-25 6.23540973574e-23 -2.4116025318e-21 1.65558236098e-23 -5.08443746771e-24 -6.4824041865e-21 2.50705931061e-19 -3.02847519964e-17 -1.09319604009e-17 6.13501644988e-16 5.55638864883e-16 -9.84225396609e-17 1.94073605212e-15 1.81659070486e-13 -2.57766051226e-13 -1.45541351753e-13 -1.62200838148e-13 1.67994900456e-12 -7.75834963003e-11 4.85183532294e-11 -4.08977872772e-10 6.69349541911e-10 -5.29193136834e-12 8.24664887379e-09 4.39770526537e-10 3.58260250332e-10 4.51531699811e-08 3.34798628443e-06 1.39254031649e-07 2.2030009265e-06 0.000100222487951 -1.22498937834e-06 -0.000491771794293 -0.0157344311203 -0.000656870691937 0.00741938109407 -0.000429722800398 0.00156969138739 -0.0303319213248 0.0329371773164 0.0153737586614 0.119935009383 0.118213686503 -0.984399334435 -0.000543725970251 -0.0069903581165 0.00140756884027 -0.000623692585113 -3.38530700682e-05 -5.04168960222e-07 -0.000436370185922 0.000372960586292 0.000139599709529 6.91154709575e-07 -9.40158590919e-07 6.88999972465e-09 1.45884092247e-07 -1.21795933808e-06 -1.20613853508e-06 -1.15050273908e-07 1.21324430146e-07 -1.22277798333e-07 2.68439661138e-11 2.59442987855e-11 7.63456248739e-12 -2.08698657749e-11 
5.905996172e-34 3.8724881622e-34 -5.23685255879e-34 1.77382211825e-33 1.87803941507e-31 5.70884940599e-31 2.1078202803e-31 3.45749774472e-31 -2.63270383478e-28 -1.0622907249e-26 1.81362873546e-27 5.14955872824e-25 -1.98900740774e-23 1.3540490021e-25 -4.17545729343e-26 -5.33145904339e-23 2.06775155042e-21 -2.49686226594e-19 -9.0088445276e-20 5.0595979524e-18 4.59216926154e-18 -8.12752049697e-19 1.60087426314e-17 1.49699319974e-15 -2.13130634403e-15 -1.23191600266e-15 -1.3644444575e-15 1.38780247987e-14 -6.71534358765e-13 3.97235216545e-13 -3.37171638424e-12 5.61106505111e-12 -6.53129039375e-14 6.73062423416e-11 3.41426352217e-12 2.75633196816e-12 4.29257661392e-10 7.0458899162e-06 2.25691741244e-07 7.09636800225e-06 0.000224447479261 1.89265356924e-06 -4.8358865881e-05 -0.0331859822773 -0.00188698606057 0.000918736045537 7.52103654621e-05 0.0214482134553 0.176010615018 0.062884846402 0.97844228581 -0.0705231879083 0.0333752917794 0.00794850173058 4.32218486884e-05 0.000207021379243 1.28649116842e-05 1.8185810982e-05 1.48183905057e-06 7.07810703542e-07 -1.31355357614e-05 -8.2584823189e-06 -2.37546767007e-06 4.97340125125e-09 3.35874870394e-08 -6.94765516153e-08 -1.20727597289e-07 -4.42807243562e-07 1.82517849643e-07 3.54891384147e-08 -1.65282303299e-07 1.91981572793e-09 -4.1402322969e-09 5.22964470617e-09 -6.25642031429e-10 -6.04225569896e-10 
-9.23064117027e-37 -5.55549691241e-37 6.14807222051e-37 -2.59453134127e-36 -2.76343501514e-34 -8.6130350699e-34 -3.05628461631e-34 -4.43533700599e-34 3.82836803551e-31 1.58379497729e-29 -2.29028599312e-30 -7.32786643457e-28 3.43114805121e-26 -4.94551935633e-28 1.13197574405e-28 1.26268209937e-25 -3.56363751845e-24 4.4780535582e-22 1.72413338078e-22 -8.8078605249e-21 -6.55558065936e-21 1.26922928063e-21 -2.72831028083e-20 -2.56735343399e-18 3.32945432163e-18 -1.11026578826e-16 -8.87735218926e-17 -2.53802225324e-16 -9.59759573905e-14 -4.14320139518e-15 7.3348890299e-15 2.7450695375e-13 -4.37705622294e-14 -2.69484937524e-13 -3.5806866957e-13 -4.71132196939e-13 1.23321596815e-10 5.5559549939e-06 1.77776003891e-07 5.60192244142e-06 0.000176952464973 1.50656982798e-06 -3.46097558614e-05 -0.0261686766176 -0.000722063688482 8.44541575205e-05 -0.00258473577888 -0.0107276204642 -0.435049066796 -0.0552445870187 0.0197245265129 -0.890355400441 -0.0558818582643 -0.102954966334 -0.000539946394644 0.00514552994712 0.00086272910381 4.41107678458e-05 -5.49134242873e-05 1.64285364279e-05 -0.000426619567505 -0.00102940724589 -1.59693765962e-05 -6.84637519535e-06 1.28478965637e-05 -5.37305708361e-05 -7.20987369877e-05 -0.000358084076919 0.000116788927087 2.20218959226e-05 -9.11164591418e-05 -1.35979515778e-07 -1.43956076329e-06 2.60565777352e-06 -3.91469088391e-07 -3.40354768742e-07 
-3.39270431188e-38 -1.72032666669e-38 9.41615398215e-39 -8.3853525395e-38 -9.04511132665e-36 -2.96542187199e-35 -9.69253074169e-36 -1.00344013158e-35 1.22179169317e-32 5.32621005347e-31 -4.8955278739e-32 -2.22705398782e-29 1.46980376611e-27 -3.64868660693e-29 7.26293183745e-30 7.41997209141e-27 -1.52459501148e-25 2.02028816244e-23 8.38304743062e-24 -3.81985935748e-22 -1.96988967365e-22 4.61461897477e-23 -1.14844127278e-21 -1.10487401735e-19 1.18252016842e-19 -1.09139490713e-17 -8.76460548057e-18 -2.32576049445e-17 -9.40241561351e-15 -3.67805072682e-16 3.99071654113e-16 2.87237393059e-14 -4.46308202136e-15 -1.55446202276e-14 -3.6475121867e-14 -4.39324782575e-14 1.21666536176e-11 1.53915986816e-06 4.92436161388e-08 1.55095142317e-06 4.9012664339e-05 4.17942752515e-07 -1.1334078883e-05 -0.00724948925014 -0.000849132836139 0.000101231423067 -0.00538284420853 -0.0220886219086 -0.333103642941 -0.0417929579964 0.0368754207235 0.0932618283537 0.926878939442 0.132144564598 -0.00587827570608 0.00705675849669 -0.00074934499271 0.000853992777141 0.000580155576393 3.55244541501e-05 0.000138888305663 -0.00371858154558 1.42584658796e-05 -2.81491644122e-05 4.97500660155e-05 -0.000122142742688 -0.000263552470157 -0.000817401325807 0.000307101885904 6.85407707994e-05 -0.000371355451691 -1.37147860784e-07 -1.14838740052e-05 1.26409360501e-05 -1.32240478722e-06 -1.36833318431e-06 
-2.1223584198e-38 -1.24318478231e-38 1.2735648261e-38 -5.84322621705e-38 -6.23571728696e-36 -1.95907737837e-35 -6.86348231072e-36 -9.53210345554e-36 8.60550976243e-33 3.58895828786e-31 -4.89173097322e-32 -1.63532381155e-29 8.11078306821e-28 -1.33169056897e-29 2.93268775501e-30 3.19897893729e-27 -8.42188372566e-26 8.64236962987e-24 4.15534112455e-24 -2.08106384869e-22 -5.57339788342e-22 7.83326148635e-23 -7.32541745497e-22 9.73132313396e-20 5.28658564014e-19 -5.81721673672e-17 -4.66823189004e-17 -1.29096059173e-16 -4.94117389264e-14 -1.56409372252e-15 8.16335621471e-16 1.44096037886e-13 -2.1403963529e-14 -8.87093708747e-15 -1.66909280007e-13 -2.34568249059e-13 6.14821256344e-11 1.22979697967e-06 3.93587138184e-08 1.23836870918e-06 3.90948626927e-05 3.3261501996e-07 -7.47411381782e-06 -0.00579235872386 0.000452523727783 0.00059472653623 -0.000951951729195 -0.00692153391028 -0.806993258687 -0.0949615240535 0.193338233448 0.422682927451 -0.34954367725 0.0343374788454 0.000959173959765 -0.00220966878577 0.000297777788242 -0.000246207957188 -0.000620315631254 -2.72666532438e-05 1.26866800918e-05 0.0150744676401 -6.14398638733e-05 0.000115318146906 -0.000200236026904 0.000685204451618 0.00109760857616 0.00457418391655 -0.00156211927069 -0.000313651816205 0.00145466361742 1.57565452266e-06 3.29999069535e-05 -4.52074484972e-05 5.76347772196e-06 5.40074664532e-06 
-5.67779409596e-40 -3.0205020277e-40 2.15572443427e-40 -1.45394412383e-39 -1.56264285404e-37 -5.05083905632e-37 -1.68986203661e-37 -1.95503315648e-37 2.12623691517e-34 9.13135128436e-33 -9.74250656786e-34 -3.93218950398e-31 2.36794772189e-29 -5.30053229791e-31 1.07892147956e-31 1.11941084751e-28 -2.45696125426e-27 3.52673434567e-25 1.31688249789e-25 -6.14539858133e-24 2.73323424105e-24 2.98721583566e-26 -1.7220066675e-23 -4.17014012584e-21 -4.85141917012e-21 6.78242921813e-19 5.44349439749e-19 1.5149071622e-18 5.73511185572e-16 1.66787223281e-17 -3.4991458336e-18 -1.67110682231e-15 2.43840344093e-16 -2.52180215339e-16 1.8741759696e-15 2.70906060641e-15 -7.06428060577e-13 -4.17093612471e-09 -1.3361053086e-10 -4.18906688682e-09 -1.31889823134e-07 -1.12340303302e-09 2.64014354019e-08 1.96450945246e-05 -1.14527871782e-05 -9.2033818355e-06 7.14870838848e-05 -0.00117685067331 0.0102393806441 0.00117147687908 -0.00280759309486 -0.00847095020091 0.0101736442527 0.00183691576719 -0.000596257245943 -0.225967968511 0.000723978277798 -0.00122998254958 -0.00094528938028 -0.00416486439635 -0.0156701801563 0.941334459478 -0.0041596115417 0.00712842105154 -0.0126089713198 0.0304459455777 0.0667383748823 0.203787720413 -0.0769800545995 -0.0172762513299 0.0942677326166 3.25100473623e-05 0.00294762447629 -0.00322056088835 0.000334111510413 0.000347239993965 
9.09978549787e-40 5.05500799482e-40 -4.33234029799e-40 2.4068330758e-39 2.5784511701e-37 8.22828066771e-37 2.81089683465e-37 3.55051720101e-37 -3.53106744651e-34 -1.49642785091e-32 1.79588778373e-33 6.61248482651e-31 -3.6561893451e-29 7.27660501677e-31 -1.5227967111e-31 -1.60924802874e-28 3.79479364431e-27 -4.80651663148e-25 -1.96674270931e-25 9.44407604579e-24 7.87156694627e-24 -1.4820427775e-24 2.92393082415e-23 1.97988883689e-21 -5.4118395396e-21 4.63819612354e-19 3.72141443553e-19 1.02062167483e-18 3.96320301478e-16 1.38833361906e-17 -1.1970632776e-17 -1.15341700404e-15 1.75379597437e-16 4.05359758842e-16 1.39147248929e-15 1.89801242395e-15 -4.99367903719e-13 -1.66648811479e-08 -5.33264271492e-10 -1.67762445618e-08 -5.29846910579e-07 -4.48121078929e-09 5.93458796848e-08 7.84913215838e-05 -2.02866084383e-07 1.95230623824e-08 -0.000342788330598 0.00515460826192 0.00489238004192 0.000657550881329 -0.000764894049637 0.00389182235011 -0.00395387656806 -0.00698079944695 -0.000316076092098 0.97358803162 -0.00292591478114 0.0182907055387 0.00243070758508 0.00759309052042 0.00396632667377 0.223273610167 -0.0009218220476 0.00170545705682 -0.00301402700142 0.00402788603012 0.0153572503524 0.0271608361107 -0.0129249955927 -0.0034944614767 0.0231963135345 -9.36451910922e-06 0.000926112224891 -0.000864683877842 7.24403868407e-05 8.47626511675e-05 
3.10459365269e-39 1.37496735755e-39 -4.49040508582e-41 6.96017999577e-39 7.58805080291e-37 2.58949274922e-36 7.91469924242e-37 5.2986054859e-37 -1.00320569446e-33 -4.56718315448e-32 2.2971858908e-33 1.74899875621e-30 -1.47430181766e-28 4.47335316644e-30 -8.56837488318e-31 -8.51166108692e-28 1.52821694068e-26 -2.13642071895e-24 -8.94605346611e-25 3.85806723017e-23 4.13475220166e-24 -2.85353360111e-24 1.11670769885e-22 1.54098619691e-20 1.74007755503e-21 -7.27223030663e-20 -5.70397286934e-20 -3.17809933394e-19 -4.40920600673e-17 7.59101888434e-18 -2.65739902697e-17 2.53898093118e-16 -5.9086729906e-18 2.71308676841e-15 1.06794152353e-16 -3.47803137232e-17 2.93257421267e-14 -1.09941361968e-09 -3.51659151437e-11 -1.38397786753e-09 -4.37301814428e-08 -4.12215268504e-10 -5.48963363851e-08 5.180531622e-06 2.73840723035e-06 -6.3736760236e-06 -0.000728825289012 -0.0126082397271 -0.00116256832111 -0.000290282046298 0.000251359499826 -0.000270356691243 0.00558540195862 1.18650740042e-05 0.996956410737 0.0002857294983 -0.0649321766049 -0.0117830256213 -0.0384161941223 -0.00345301150223 0.000149055320477 0.00201378137436 -1.00138472752e-05 -1.29385414601e-05 -3.25804436525e-05 -0.000900009075261 -1.16357923198e-05 -0.00596581887855 0.00144550379727 0.000144550675478 0.000462073055582 -5.09320626668e-06 7.52687734846e-05 -3.7655636395e-05 -1.32291527531e-06 1.49529185515e-06 
1.08104409373e-41 7.77038101215e-42 -1.23814216988e-41 3.49092932182e-41 3.67342748887e-39 1.08743958199e-38 4.1850050831e-39 7.65807456728e-39 -5.21202217695e-36 -2.04942906287e-34 4.06682925251e-35 1.04148888493e-32 -3.19807114211e-31 -1.40602601833e-33 -1.05753551551e-34 -3.85793177777e-31 3.32927961537e-29 -6.35113872685e-27 -1.24796330608e-27 8.10055018201e-26 -4.22827566683e-25 4.67689563792e-26 1.49489106901e-25 2.22345285985e-22 5.28079102745e-22 -7.03619350518e-20 -5.64816788952e-20 -1.55545587089e-19 -5.9716262533e-17 -1.85288132422e-18 7.57986931698e-19 1.73697349854e-16 -2.57194772341e-17 -4.30780498726e-18 -1.99924070899e-16 -2.83259917274e-16 7.40507318804e-14 1.15164878563e-09 3.68616876801e-11 1.16024854726e-09 3.66176724228e-08 3.1104935372e-10 -5.54311661295e-09 -5.4242747403e-06 7.13666472679e-07 8.22721426082e-07 1.12748958405e-05 -3.71624734087e-05 -0.00110815045104 -0.000130533132844 0.000269617412919 0.000594961490774 -0.000431679295639 0.000292479374924 -0.00643624264988 -0.0209697179507 0.000765084266073 -0.000229144998822 0.000973274987024 0.000300281510029 -0.00336504176009 0.215617089299 0.00055576558635 0.000559817465085 -0.00393439558269 -0.141172269564 -0.00732834754485 -0.93585250775 0.229650113094 0.0239625647061 0.0610243952982 -0.000785406343504 0.0112338720935 -0.00543819021615 -0.000237668138168 0.000193087143603 
-3.80845317034e-41 -2.09161668074e-41 1.71475989535e-41 -9.98718187338e-41 -1.07083487026e-38 -3.42875572391e-38 -1.1649155782e-38 -1.439169413e-38 1.46398976122e-35 6.22590857605e-34 -7.25317022548e-35 -2.73264926844e-32 1.54577468797e-30 -3.1821389685e-32 6.60495500556e-33 6.94265365509e-30 -1.60423858077e-28 1.99277536663e-26 8.37801232572e-27 -3.99467880904e-25 -4.19996655747e-25 7.32136918395e-26 -1.2550752826e-24 -4.80110232607e-23 3.29427593432e-22 -3.24432024929e-20 -2.60348327927e-20 -7.15386425842e-20 -2.76505399046e-17 -9.26917223921e-19 6.54561939647e-19 8.03803861632e-17 -1.21026807697e-17 -1.85979445627e-17 -9.52768030733e-17 -1.32045555858e-16 3.46183853942e-14 8.98356111678e-10 2.87485176845e-11 8.96446943387e-10 2.83061879249e-08 2.39483388595e-10 -7.19602787255e-09 -4.23119748296e-06 2.5236973515e-07 3.61656916788e-08 -2.21302190995e-05 -0.000417389558708 -0.000382151205471 -4.92827380337e-05 0.000106608685593 0.000132110178199 -0.000530141783933 -8.9088405943e-05 0.0380127748568 -0.00272353272059 -0.00895393095586 0.00699583414594 0.999205465161 0.00213280680679 -0.000983656951425 0.00021135307947 0.00010903520785 1.17484488982e-07 8.0492086099e-06 0.000122878951461 -2.06428106037e-05 0.000811456737741 -0.000188041052513 -1.50121027191e-05 -0.000106278488945 5.68998443936e-07 -1.24445009671e-05 6.915142605e-06 6.64013676098e-08 -3.61215472942e-07 
-1.16002004262e-40 -6.41403034877e-41 5.399891659e-41 -3.05744814563e-40 -3.2765861717e-38 -1.04705547651e-37 -3.56890387766e-38 -4.46769017555e-38 4.48404883727e-35 1.90299778323e-33 -2.25652043509e-34 -8.38597694747e-32 4.68028264557e-30 -9.44671429878e-32 1.97013385027e-32 2.07732117333e-29 -4.85754051872e-28 6.23265757747e-26 2.52713439628e-26 -1.20954551412e-24 -8.57985369286e-25 1.71964662424e-25 -3.71007089255e-24 -3.08237716771e-22 5.33923544031e-22 -4.08878250113e-20 -3.28027097938e-20 -8.95419050227e-20 -3.50521505383e-17 -1.29263709582e-18 1.31974875273e-18 1.01492194255e-16 -1.56377261808e-17 -5.3291479802e-17 -1.25138596005e-16 -1.68937874705e-16 4.44644813521e-14 1.43436666708e-09 4.5899736803e-11 1.48178328839e-09 4.68019127048e-08 4.04948473264e-10 -3.10397736804e-09 -6.75621866906e-06 -4.05312873973e-07 1.26867114449e-06 7.91706065341e-05 0.00183019087563 -0.000353845139709 -1.85546006833e-05 4.85304794581e-05 -0.000548949599482 -0.00101490216245 -0.00155240237399 -0.0649977051218 -0.00335282351601 -0.997699023965 0.0175930555791 -0.00660109972259 0.000511496062742 -0.00023341541074 1.66421719359e-05 -1.84055100346e-07 1.41009683294e-05 -1.00379757115e-06 -4.16922181241e-05 -1.73048391023e-06 -0.000275482512005 6.86211670181e-05 7.43167223296e-06 1.48117878169e-05 -2.25013556003e-07 3.15734615987e-06 -1.4754117989e-06 -7.85806093968e-08 4.54753547767e-08 
-2.23639925065e-42 -1.05799869619e-42 3.091703678e-43 -5.25546516733e-42 -5.69957138059e-40 -1.90740832765e-39 -6.02495889339e-40 -5.13316520656e-40 7.61580881732e-37 3.39393635756e-35 -2.39454226312e-36 -1.35782313157e-33 1.01818671926e-31 -2.83785727391e-33 5.52071859586e-34 5.54778675499e-31 -1.05574449851e-29 1.44835486912e-27 6.01307348012e-28 -2.65647082987e-26 -6.30547967131e-27 2.35401121621e-27 -7.79091803684e-26 -9.83677680657e-24 1.48077971215e-24 -1.25603368011e-22 -1.01430737046e-22 -1.90671474011e-22 -1.17674951683e-19 -9.41922697628e-21 2.05842245801e-20 2.7631888258e-19 -6.04368381869e-20 -1.69650895651e-18 -5.8091866822e-19 -6.09762274439e-19 1.87302495465e-16 -5.97380595493e-11 -1.91073890952e-12 -4.00124274332e-11 -1.26266778815e-09 -6.19622203247e-12 2.00673278746e-09 2.81171730129e-07 -2.21561290329e-07 6.84909276874e-07 3.17760867331e-05 0.00116855156769 -2.47563497998e-05 9.44375682424e-06 -3.75868452497e-05 -6.68272070706e-05 0.000645239674917 0.000560469749623 -0.0126365707853 0.0180473026123 -0.0169132380151 -0.999578012392 0.00738221986999 -0.00262404558767 -2.30925671187e-05 0.00285269765801 -1.45479822759e-05 -0.000553726730083 -3.11191715775e-05 8.48848066228e-05 0.000120777936181 0.000527535062127 -0.000212822452175 -4.81623268973e-05 0.00026656004544 8.49562416966e-08 8.42554694027e-06 -9.11853641349e-06 9.38094424844e-07 9.79026890376e-07 
4.73062254511e-42 2.1446539237e-42 -2.71508381253e-43 1.07828789036e-41 1.17335943928e-39 3.97659642754e-39 1.22974142647e-39 9.03942677655e-40 -1.55718684229e-36 -7.03550916643e-35 4.04304527104e-36 2.73687921827e-33 -2.21431214977e-31 6.53416667317e-33 -1.2578079494e-33 -1.25414918305e-30 2.29552618615e-29 -3.18821329077e-27 -1.33150929791e-27 5.78869558926e-26 8.87650783404e-27 -4.583226465e-27 1.68329482269e-25 2.25016283704e-23 4.96566066028e-25 3.78320501628e-23 3.21404183125e-23 -1.36340223141e-22 5.77749905497e-20 1.49403965352e-20 -4.15681399408e-20 6.98829231328e-21 4.4980615213e-20 3.94631445663e-18 5.75819548191e-19 5.16128302989e-19 -1.13464716198e-16 2.4047795724e-12 7.6854504489e-14 -8.11131004736e-13 -2.58087534932e-11 -1.05774037939e-12 -7.25496981636e-11 -1.1293406691e-08 3.64017693301e-08 -1.20027338629e-07 -3.39151378766e-06 -0.000204477193334 2.38901079983e-06 -2.24226682527e-06 -5.63635925771e-08 -3.95343344953e-05 5.10579463334e-05 6.34976351259e-05 0.00336318131501 -0.00822040606008 0.000287146411297 -0.00283771573481 -0.00227046055998 0.999847055108 -0.00689636297224 0.0018506121949 0.00423540162571 0.0116929697434 -0.000120783902551 5.76590162195e-05 0.00267398460825 0.000887368100987 -0.000132346262054 -3.15657771172e-05 0.000131823862829 9.24295601046e-08 4.2187394535e-06 -4.94291874995e-06 5.01057848248e-07 5.2616191263e-07 
2.36298352282e-45 1.07094877459e-45 -1.34297152588e-46 5.38497816733e-45 5.85990721745e-43 1.9861403957e-42 6.14110903782e-43 4.50897244867e-43 -7.7764112315e-40 -3.51379568692e-38 2.01599655834e-39 1.36662472081e-36 -1.10627603777e-34 3.26570659413e-36 -6.28596597639e-37 -6.26736559999e-34 1.14684921336e-32 -1.59263302412e-30 -6.65301299461e-31 2.89207613899e-29 4.48575423698e-30 -2.29603603883e-30 8.41087997313e-29 1.1219751745e-26 1.8656573294e-28 2.70852921894e-26 2.26271845295e-26 -5.00451407978e-26 3.58146806684e-23 7.6865723415e-24 -2.87382298183e-23 -1.75324180254e-23 1.65485778552e-23 1.98372011801e-21 3.80280812074e-22 -1.65205824609e-21 -2.142936342e-19 4.4869303828e-13 1.4351957445e-14 3.23103086646e-13 1.01905165419e-11 -1.3853261433e-13 3.50358237489e-10 -2.10879165566e-09 2.78953861489e-09 -2.31813072267e-08 2.76385907989e-06 -3.84015820487e-05 -1.31897110094e-06 -1.00374788692e-06 -1.83567972796e-05 -0.000493650432019 7.64526822105e-05 -0.000435126006376 -0.000132754243021 -0.00753608256232 -0.000203839913653 -0.000118837285698 0.00094948635454 0.00688751051857 0.999796215109 0.0152099001786 0.00197634294057 -0.00640348965987 -0.00135761092279 5.57608990709e-05 -0.00487169324979 6.30450905608e-05 -0.000215439558274 -5.78147696978e-06 2.55351929256e-05 2.6848786392e-07 -5.47358639059e-06 2.93059049605e-06 3.80872319855e-07 7.05860008607e-08 
-1.59715080399e-45 -7.24078340648e-46 9.16713843625e-47 -3.64051528716e-45 -3.96149530975e-43 -1.34257755689e-42 -4.15185351348e-43 -3.05191049173e-43 5.25737450276e-40 2.37532747749e-38 -1.36502418247e-39 -9.24025727982e-37 7.47594375392e-35 -2.2060558892e-36 4.24659450417e-37 4.23424296665e-34 -7.7501380201e-33 1.0764241516e-30 4.49543146061e-31 -1.95437549324e-29 -2.99243069471e-30 1.54685262293e-30 -5.68303007125e-29 -7.59870161417e-27 -1.72565511327e-28 -1.21739512704e-26 -1.03705670911e-26 4.73593113461e-26 -1.89977414079e-23 -5.02852302541e-24 1.41764797963e-23 -3.8046440993e-24 -1.48426571365e-23 -1.33247660501e-21 -1.97502307974e-22 -1.44558157828e-22 4.82263438098e-20 -3.29962416578e-14 -1.05541825067e-15 -2.26653519611e-14 -7.15288506518e-13 -3.4880256809e-15 6.64340634517e-13 1.55306728246e-10 -1.17622146706e-10 3.80981807497e-10 1.34252672749e-08 6.46406262677e-07 -9.56328153517e-09 1.66163060189e-09 -9.33954546388e-07 -3.73372549618e-05 -1.3356383978e-05 0.000137848136648 -7.39962531317e-06 2.03076898894e-05 -1.18672802967e-06 6.87770088747e-06 -0.000103572731978 -0.00430132688084 -0.00197848796227 0.00387326829131 0.999970824638 0.00323739800804 -0.00205117013044 -0.000197358645963 0.00190520981163 0.00157485053036 0.000247183388393 -1.33639405784e-05 -3.91676733594e-05 -6.46741006436e-07 1.29821800177e-05 -8.0292318972e-06 -6.00802836067e-07 2.96139497418e-08 
1.48914997952e-44 6.74617998241e-45 -8.34333923364e-46 3.39255997729e-44 3.69189529752e-42 1.25148137657e-41 3.86871772906e-42 2.83584153198e-42 -4.89899909194e-39 -2.21393986322e-37 1.26727088779e-38 8.60820901695e-36 -6.973641933e-34 2.05971279222e-35 -3.96423497351e-36 -3.95221834436e-33 7.22938921777e-32 -1.00430204578e-29 -4.19462255295e-30 1.82312254802e-28 2.76573460187e-29 -1.44007389865e-29 5.30060767879e-28 7.09411679638e-26 1.80858767256e-27 1.00613304829e-25 8.63688964092e-26 -4.71997489673e-25 1.66307258617e-22 4.65987076796e-23 -1.31070546094e-22 6.88236040942e-23 1.34582777857e-22 1.24415717016e-20 1.77404330396e-21 1.48922892362e-21 -3.6615631754e-19 9.44891807487e-14 3.02219616883e-15 5.95416736966e-14 1.87864406454e-12 8.37534257505e-15 -4.26360858738e-12 -4.44707355985e-10 3.88676015744e-10 -1.17132838787e-09 -6.2529287458e-08 -1.99786178743e-06 4.35177458284e-08 -1.63376758773e-08 9.71733543755e-08 1.41842077739e-06 -8.20958131545e-07 5.72756813785e-06 2.52471104678e-05 -1.97762463704e-05 1.45655046094e-06 0.000545038601463 -3.98130179891e-05 0.0116627792492 -0.00670352871084 0.00830344917374 0.00327157298046 -0.999711981439 -0.00087595644939 -3.39354281517e-05 -0.0176104573232 0.00118031687414 -0.00146041548827 -0.000141108237668 0.000776896485056 1.55224534978e-06 -6.13319778644e-06 -1.04303156535e-05 3.91143553613e-06 2.69767210631e-06 
3.48767696167e-50 1.57902523787e-50 -1.91430758424e-51 7.94210467218e-50 8.64328310939e-48 2.93043907629e-47 9.0561180361e-48 6.62280587359e-48 -1.14681555498e-44 -5.18368472773e-43 2.95740017474e-44 2.01468700374e-41 -1.63389739653e-39 4.82949044215e-41 -9.29382734611e-42 -9.26470825515e-39 1.69381329874e-37 -2.3535886294e-35 -9.83026507464e-36 4.27162671797e-34 6.39910532637e-35 -3.36478808262e-35 1.24173045715e-33 1.6644750786e-31 4.96533722682e-33 1.69239424773e-31 1.49021375656e-31 -1.25638579315e-30 3.33402199806e-28 1.12179826778e-28 -5.09933665621e-27 -7.73791314876e-28 -3.53829760629e-27 3.37440397795e-26 1.72919867908e-25 -8.33028301342e-25 -3.72805265389e-22 1.13565776776e-15 3.63259455342e-17 8.08850200612e-16 2.552932528e-14 1.51125517263e-16 -5.17438350839e-14 -5.34587724749e-12 3.61016883786e-12 -1.04960644132e-11 -6.71490977332e-10 -1.79256951014e-08 3.58779377067e-10 -1.09686552461e-10 9.06472377162e-09 3.47127596811e-07 1.16473562553e-07 -1.26247392536e-06 2.02780882354e-07 2.5805329635e-08 1.26000716372e-08 5.04558249721e-06 3.20394587865e-06 5.89033745342e-05 5.99302590479e-05 -0.00442620157764 0.000477966558996 -0.000343363454059 0.0004676322946 0.981493802029 0.0119184239803 -0.168775187722 -0.0827887312644 -0.000730164505216 0.0172211276263 -0.0007714979408 -0.0276066458285 0.0103968976145 0.000858650703669 -0.000105370423982 
-1.62644741838e-45 -7.36371594468e-46 8.93011026412e-47 -3.70375589715e-45 -4.03074342396e-43 -1.3665888557e-42 -4.22327480957e-43 -3.08862531931e-43 5.34811413587e-40 2.41737660663e-38 -1.37923515489e-39 -9.39541809599e-37 7.61949052769e-35 -2.25214997403e-36 4.33402623689e-37 4.32045397414e-34 -7.89890171392e-33 1.09749407729e-30 4.58420305253e-31 -1.99202051187e-29 -2.99889546522e-30 1.5708905907e-30 -5.79098769445e-29 -7.75647754506e-27 -2.15452380473e-28 -9.82844898566e-27 -8.50397231576e-27 5.42893185027e-26 -1.71898137763e-23 -5.06375619632e-24 1.4255707343e-23 -1.05075695985e-23 -1.43238040661e-23 -1.36050034228e-21 -1.89027807647e-22 -1.68208011095e-22 3.54141432349e-20 -9.66169791446e-17 -3.06935648833e-18 7.73702868136e-16 2.44774176934e-14 1.3590743349e-16 5.68480983182e-13 4.5117352981e-13 -7.72432376718e-12 3.7293623189e-12 5.41833427431e-09 8.06845571494e-09 -2.80917244548e-09 -9.75935636155e-10 -5.81512567429e-08 -1.94177465108e-06 -3.15321083743e-07 3.61350064219e-06 -1.35501543885e-06 -8.93031824144e-06 -4.10028531526e-07 6.84226548263e-06 -9.03374578802e-06 9.38333823258e-05 0.00116931920233 0.0132511345906 0.00199673362122 -0.000851121240584 0.999895559623 -0.000456244308607 0.00469272682258 -0.000621298378851 0.0017018140915 -0.000105245064956 0.00128154648928 -5.35760096783e-06 0.00013295009794 -7.99649298411e-05 4.61433716937e-07 4.82322682257e-06 
4.10454533619e-46 1.85944485761e-46 -2.29945821615e-47 9.3508969554e-46 1.01759557909e-43 3.44945586833e-43 1.06633245429e-43 7.81632917023e-44 -1.35030847818e-40 -6.10227614781e-39 3.49292179985e-40 2.37267369326e-37 -1.92214894713e-35 5.67721825359e-37 -1.09266753006e-37 -1.08935485386e-34 1.99264069303e-33 -2.76814776915e-31 -1.15616731792e-31 5.02508330618e-30 7.62652566768e-31 -3.96968281868e-31 1.46101675281e-29 1.95522402003e-27 4.94766837315e-29 2.819691018e-27 2.41789667555e-27 -1.29066813223e-26 4.62338703633e-24 1.28563243207e-24 -3.63052804128e-24 1.78279181567e-24 3.70008315415e-24 3.42963917661e-22 4.86380667552e-23 3.54840956433e-23 -9.26041190606e-21 -1.18506477661e-16 -3.79723828034e-18 -2.75768441249e-16 -8.75671352184e-15 -1.08144245154e-15 1.78927636083e-12 5.76074834898e-13 8.54689346513e-12 -9.84761333136e-11 1.44547504163e-08 -1.62260129605e-07 -7.09011823833e-09 -3.83011678535e-09 7.35735805898e-08 4.17378130897e-06 2.71084442214e-06 -2.59951857656e-05 -5.46173016677e-07 -3.73375682031e-05 -5.9576403688e-07 -6.29324262144e-05 6.33938995502e-05 -0.00227031737071 0.00574531668011 -0.0646771153627 -0.00157652456184 -0.0182180246365 -0.00387896019753 -0.014024820443 0.997342656304 -0.0172298530012 0.0148726657479 0.00104367197726 -0.00457619989246 -1.44219990922e-05 0.0003210255567 1.12251440303e-05 -3.60184569737e-05 -1.57507085846e-05 
3.99552282445e-50 1.81031998376e-50 -2.24922679725e-51 9.10347083318e-50 9.90658288859e-48 3.35799825089e-47 1.03813593795e-47 7.61387348353e-48 -1.31459486214e-44 -5.9405983776e-43 3.40304321579e-44 2.31003581247e-41 -1.87092226294e-39 5.52491533622e-41 -1.0633885867e-41 -1.06019024394e-38 1.93953663666e-37 -2.69938323548e-35 -1.12535446405e-35 4.89127836155e-34 6.41126952229e-35 -3.74274360925e-35 1.41987424189e-33 1.94219488384e-31 1.59913830775e-32 -1.08659629563e-30 -8.57004110292e-31 -4.27656119918e-30 -7.04948200326e-28 9.39653892912e-29 -4.70076632075e-27 2.41016674898e-27 -3.26630565658e-27 3.70202846407e-26 1.83059840724e-25 -6.85718825691e-25 -4.01151320379e-22 1.22701386704e-15 3.92481551457e-17 8.73231404391e-16 2.7562353279e-14 1.90119106616e-16 -1.06281831943e-13 -5.77636935159e-12 3.71731234945e-12 -8.76262442349e-12 -1.13720051941e-09 -1.51227362989e-08 5.61964751576e-10 2.87156305464e-10 6.33797996695e-08 2.49095573213e-06 8.37784104206e-07 -8.81871299138e-06 2.46450874289e-07 9.95136865423e-07 1.53330565954e-07 2.53722316291e-08 2.27626906622e-05 0.000100098568605 0.000279890985843 -0.0281058556828 0.000667123022113 0.000802022666388 0.00177419238369 -0.121498740892 0.00708039866933 -0.224750432546 -0.96571704646 -0.00103480599295 0.0137050300382 0.00134590026059 -0.0256122949242 0.0205667710037 0.00133874705127 -7.02930518231e-05 
-6.06839603008e-55 -2.74743062326e-55 3.33080630393e-56 -1.38188934967e-54 -1.50389114329e-52 -5.09882797454e-52 -1.57572250357e-52 -1.15233748163e-52 1.99540583509e-49 9.01937082251e-48 -5.1457384159e-49 -3.5054618018e-46 2.84290551264e-44 -8.4030987686e-46 1.61710437393e-46 1.61204378978e-43 -2.94715638128e-42 3.86966581443e-40 1.70751812207e-40 -7.42586001199e-39 -5.63396229969e-39 1.12541057827e-39 -2.25873545036e-38 -1.15757841858e-36 4.89128101403e-36 -6.07035415474e-34 -4.85791364745e-34 -1.31652954801e-33 -5.20467361969e-31 -5.40186834421e-31 5.36421088083e-28 1.24343551219e-28 4.30034042911e-28 -5.14079525641e-28 -1.87725200294e-26 9.39626259029e-26 4.13293688858e-23 -1.26151251045e-16 -4.0351620915e-18 -8.98419634491e-17 -2.83563216777e-15 -1.66556947533e-17 5.50206454625e-15 5.93829088893e-13 -4.01837032807e-13 1.17819367437e-12 7.25761181085e-11 2.01152504469e-09 -3.26196769844e-11 -1.42984113221e-10 -2.91818540919e-08 -1.16787024054e-06 -4.10387022001e-07 4.2795472592e-06 -1.70801110241e-08 2.9415270703e-08 -6.43341934894e-08 1.62353014867e-06 -1.06069252737e-05 -1.65385451935e-05 -0.000178010892423 0.0119729926835 -7.179355263e-05 -5.44118754553e-06 -2.29878074718e-05 0.00448492184137 0.000356457974734 0.0256868997395 -0.00801039367737 0.998326172186 -0.00035971350173 -0.0495635940923 -0.000352954852948 0.000567066296753 0.000307534044455 -0.000137052194555 
4.09850028118e-57 1.85557163353e-57 -2.24957496039e-58 9.33306440767e-57 1.01570454033e-54 3.44366896513e-54 1.06421841231e-54 7.78270578603e-55 -1.34766602245e-51 -6.09154241803e-50 3.47543636308e-51 2.36754271169e-48 -1.92006450202e-46 5.67417825438e-48 -1.09399942475e-48 -1.0910620892e-45 1.99047624305e-44 2.43030546915e-41 -8.0614212911e-43 4.23055352982e-41 5.43486435598e-39 -6.51943436085e-40 1.32308762888e-39 -2.06858195273e-36 -5.97779220372e-36 7.25766805496e-34 5.79858450156e-34 1.60675490183e-33 6.19199720196e-31 8.61739717633e-31 -8.65186382084e-28 -1.99984989657e-28 -6.93693091534e-28 8.28303892923e-28 3.02780680242e-26 -1.51552710856e-25 -6.66612991969e-23 2.03278453112e-16 6.50220867827e-18 1.4490954093e-16 4.57368927226e-15 2.68638713632e-17 -8.874756347e-15 -9.5688844393e-13 6.48134082246e-13 -1.9003023301e-12 -1.17065828441e-10 -3.24385351614e-09 1.27414670937e-10 -1.52230293103e-09 -2.70347185831e-07 -1.08378109838e-05 -3.81399286991e-06 3.97122512539e-05 8.35784959374e-08 2.62484995757e-07 -6.06115157779e-07 2.19239647134e-05 -9.76834348997e-05 -4.7118046916e-05 -0.00160610621488 0.107986998418 -0.000392546870433 5.92361467663e-05 -0.000170508052821 0.00771157982556 0.00193269034885 -0.0432409648422 -0.00552867303049 -0.0006462930653 -0.99025367562 0.000402632676592 -0.0636843724389 0.0407961547007 0.00101020347445 -0.00696484158367 
1.280250972e-57 5.79626094779e-58 -7.0270101267e-59 2.91537526281e-57 3.17276273777e-55 1.0757009631e-54 3.32430554963e-55 2.43108911353e-55 -4.20971248828e-52 -1.90281882791e-50 1.08559939699e-51 7.3954830048e-49 -5.99768715528e-47 1.77277916196e-48 -3.41164044192e-49 -3.40096891383e-46 6.21762597154e-45 -6.80500153509e-43 -3.58478313833e-43 1.56267239118e-41 3.91323886456e-41 -5.62504646152e-42 5.35489765645e-41 -8.04796775144e-39 -4.03500879836e-38 4.92802638766e-36 3.93344540216e-36 1.08447935493e-35 4.21672610682e-33 7.24488381815e-33 -7.30350796273e-30 -1.68572922971e-30 -5.8578177039e-30 6.99449933398e-30 2.55455511421e-28 -1.27971352909e-27 -5.62420990402e-25 1.71704256058e-18 5.49225199127e-20 1.22259911105e-18 3.858823239e-17 2.26532100853e-19 -7.46398880074e-17 -8.0825954408e-15 5.46909831263e-15 -1.60441804384e-14 -9.85710788122e-13 -2.73942606799e-11 3.15553079666e-13 5.05269180283e-12 9.59486309951e-10 3.84309637256e-08 1.35139061772e-08 -1.40822065769e-07 -2.92289061112e-11 -9.50539833416e-10 2.12380219298e-09 -1.30856308731e-07 4.61704410231e-07 6.14372212069e-07 1.07853998336e-05 -0.000725244465785 2.74174090423e-06 1.25699703146e-07 5.0751362995e-07 -0.00102604868413 -2.32034270575e-05 -0.000722733830791 -0.00103029268027 -0.0495620488198 -0.000431385389581 -0.998769358711 5.05874230002e-05 -0.000109012990329 8.46732602415e-05 2.11086436385e-05 
2.16066890199e-58 9.78230395471e-59 -1.18594243045e-59 4.92025580794e-58 5.35464664194e-56 1.81545168506e-55 5.61040332145e-56 4.10293108164e-56 -7.10469707665e-53 -3.21137181023e-51 1.83207478211e-52 1.24812106404e-49 -1.012213128e-47 2.99306045309e-49 -5.75148781396e-50 -5.7319390231e-47 1.04932964435e-45 -1.34344607993e-42 -7.63595825618e-44 2.99555480539e-42 -2.39736360393e-40 2.84544245352e-41 -4.43479786726e-41 9.34444045014e-38 2.6460324209e-37 -3.21224940997e-35 -2.56464840104e-35 -7.11062120041e-35 -2.74264318598e-32 -4.38870952304e-32 4.42131911874e-29 1.02120209532e-29 3.54679846433e-29 -4.23431095201e-29 -1.54583212762e-27 7.74869970896e-27 3.40333400316e-24 -1.03853962139e-17 -3.32194568677e-19 -7.39821654206e-18 -2.33505618488e-16 -1.37016273078e-18 4.50519938386e-16 4.88869324089e-14 -3.3098650494e-14 9.71431793979e-14 5.95547171842e-12 1.65850234654e-10 -3.73638837748e-12 1.22046740343e-11 1.94026971883e-09 7.79066527169e-08 2.74565998456e-08 -2.85459418434e-07 -2.11565746734e-09 -1.79141804828e-09 4.41339601042e-09 -1.93713564637e-07 6.75837704685e-07 3.07207323695e-08 1.03148648689e-05 -0.000692556797426 8.98187393139e-07 1.42534003217e-05 9.74701935526e-07 -0.025564233612 -0.000175831645948 0.0030922865099 0.0286530652339 -3.09687154362e-05 0.061499682394 -7.64672534868e-05 -0.995346195904 -0.0525341533333 -0.0121624644915 -0.0333371933795 
1.87109797269e-60 8.47057499585e-61 -1.02706196213e-61 4.26050604983e-60 4.63664325036e-58 1.57211139606e-57 4.85835726088e-58 3.5524544072e-58 -6.15243058482e-55 -2.78089897154e-53 1.60884545898e-54 1.08330446721e-51 -8.80418176022e-50 2.25674334506e-51 -1.03696050141e-52 1.02730387845e-50 9.13260456968e-48 -3.50245440024e-42 -4.55477886003e-44 1.04334625514e-42 -7.01954616831e-40 8.3865377451e-41 -1.52522356146e-40 2.6990002863e-37 7.72762516567e-37 -9.37652459271e-35 -7.50549686867e-35 -2.07824313897e-34 -7.98161668872e-32 -6.61871085201e-32 6.53555006364e-29 1.51825238558e-29 5.2323118684e-29 -6.25144116976e-29 -2.29278688895e-27 1.14328457309e-26 5.04788802284e-24 -1.54068152732e-17 -4.92813180688e-19 -1.09731261761e-17 -3.46338840475e-16 -2.03964963588e-18 6.82016336629e-16 7.25242630842e-14 -4.90454569766e-14 1.43414799398e-13 8.94635471022e-12 2.44838419043e-10 -4.44587518182e-12 -4.61378622778e-12 -1.24095662542e-09 -4.95428155377e-08 -1.73793701613e-08 1.81567968602e-07 -2.57294610719e-09 1.20338354162e-09 -2.64727833315e-09 3.84766811348e-08 -4.67749195794e-07 -1.07849079092e-06 -8.44010285953e-06 0.000567347292533 -5.48623325502e-06 2.69960378275e-06 -1.9008048726e-05 -0.0100594254001 -0.000180985401202 0.00389318794921 0.023513925636 -0.000452879911657 0.0440145528847 -0.000124283663094 -0.0486169502724 0.997322937768 0.0122256670213 -0.0150589787194 
4.18752369004e-63 1.89482359693e-63 -2.29930046557e-64 9.53074761396e-63 1.03720807276e-60 3.51795120214e-60 1.08712054636e-60 7.94281578603e-61 -1.37678911049e-57 -6.22256299928e-56 3.88012995319e-57 2.45116740845e-54 -2.0009813934e-52 1.38015920105e-54 -9.00203394949e-54 -1.10743221985e-50 2.08188826861e-50 1.13845768084e-43 1.46678615601e-45 -3.31411486721e-44 2.28267960168e-41 -2.72541694516e-42 4.95143563858e-42 -8.78232552033e-39 -2.51440086049e-38 3.05233163847e-36 2.43878999831e-36 6.75844136017e-36 2.60391738718e-33 3.5897764519e-33 -3.60343490452e-30 -8.32997352625e-31 -2.88919582668e-30 3.4498381683e-30 1.26103535225e-28 -6.31211748774e-28 -2.77633920942e-25 8.46746750066e-19 2.70846404267e-20 6.03525361065e-19 1.90487002713e-17 1.11882275156e-19 -3.69581081765e-17 -3.98587329281e-15 2.69939104095e-15 -7.9146661741e-15 -4.87527263154e-13 -1.35108363844e-11 4.83228061973e-13 -5.22730927818e-12 -9.24445348329e-10 -3.70616623554e-08 -1.30431970331e-08 1.35802329178e-07 3.100214264e-10 8.9641210995e-10 -2.07385872415e-09 7.47089957342e-08 -3.32182756538e-07 -1.56413608567e-07 -5.40921570276e-06 0.000363678462682 -1.29028142221e-06 -1.9278549975e-07 -5.351317482e-07 0.000933475426274 1.08763825102e-05 -0.000177658819577 -0.00153148640502 0.0002814685211 -0.00109911090108 -9.88430041729e-05 0.0118705217415 0.0127202683347 -0.999750977105 -0.0138054852955 
-2.20411172854e-66 1.07011353622e-67 2.11505357003e-67 2.70026147055e-67 3.99425155812e-65 -1.30876360432e-63 -3.48030346807e-64 5.19439217539e-64 5.67834856403e-61 1.91834195215e-59 -3.4736209815e-58 -3.77861520545e-56 5.41430293288e-54 4.98943868641e-54 -9.45030435957e-55 -1.27804163661e-51 -6.4510285845e-52 -8.21875609572e-45 -1.07205394668e-46 2.39951567965e-45 -1.64822289911e-42 1.9622710543e-43 -3.54235467362e-43 6.35916590913e-40 1.82005087851e-39 -2.21375067788e-37 -1.75512616029e-37 -4.88077004694e-37 -1.90584247168e-34 -6.992790429e-34 7.12381558512e-31 1.63869124378e-31 5.7165012086e-31 -6.82276729821e-31 -2.49003609918e-29 1.24868607881e-28 5.48223404241e-26 -1.66774581704e-19 -5.33457404467e-21 -1.19175062272e-19 -3.76142560044e-18 -2.20623201508e-20 7.24456020408e-18 7.85054292811e-16 -5.33211589577e-16 1.56541212618e-15 9.58384474872e-14 2.67111533144e-12 -2.58703168295e-13 4.84995448534e-12 8.73866111352e-10 3.50254583487e-08 1.23240450738e-08 -1.28342084361e-07 -1.84849559597e-10 -8.51317556763e-10 1.95542938188e-09 -6.91182751202e-08 3.17092532633e-07 1.75538017277e-07 5.25661875277e-06 -0.000353455060777 1.37788655314e-06 -6.25901183712e-07 7.64977158547e-07 0.000826139210685 5.08417389956e-07 6.46548743105e-05 -0.0011566096267 -0.000131042168029 0.00424627794248 -1.14720921617e-05 0.0342288769504 -0.0137427792126 0.0140272878001 -0.999210967527 
