-0.784751415366 -0.265461371071 0.503358120454 0.238908446889 -0.00191938541478 -0.0456192190762 -0.0122367307786 -0.0226427037011 -0.0126389655969 0.0104395158052 -0.0150865236666 -0.00149551901279 0.000183164478043 0.000660018911213 -2.80269213349e-05 0.00112539298678 -7.34948482353e-07 0.000631827005839 -1.74497799995e-05 -0.00094113100103 3.52721848949e-05 -1.57371076675e-05 -8.2495983469e-06 0.000122293759826 -9.45780214794e-06 1.86098738892e-05 -3.00988158701e-05 1.13791461551e-06 -5.33057240306e-06 -4.34621341456e-06 -8.01940071493e-07 1.38456290093e-07 -1.85982613729e-08 -1.28269240507e-07 1.34798572897e-08 2.0191859453e-08 -1.82868559071e-09 1.64497573274e-10 1.03117336191e-08 8.23744508179e-09 -4.75122010719e-10 -1.65755413106e-10 1.51862111879e-08 2.15397529241e-10 -7.89561133977e-11 2.66393348423e-11 1.52440252089e-11 5.58955626603e-12 3.27502076283e-11 -3.1049959046e-12 1.50410567167e-12 -2.52812546019e-12 5.97035906825e-14 3.87719212786e-14 -3.93246841046e-16 -1.05675890329e-15 1.65960131579e-16 -4.95675475982e-17 -4.40463245143e-16 2.79531730172e-17 -6.34774341758e-17 -9.7961978472e-17 1.84663594921e-16 -3.49673104787e-16 -2.43694214864e-17 4.41837835421e-18 1.35806369066e-18 7.76584079968e-16 -2.63316469122e-17 -1.22289895406e-17 8.28293688934e-18 2.80499053764e-18 3.51932077184e-20 -4.70788109765e-19 -1.47197110677e-19 -6.73902991566e-20 
-0.135914807644 0.847535625506 0.214759579239 0.076337234991 -0.0228178105276 0.164871594495 -0.0149343324967 -0.239421494187 0.266865020943 0.0425106802284 0.200488851536 0.0619899751495 0.00255873064747 -0.0242284659263 0.0304915034809 -0.0841069603579 0.000696732147556 0.00942515503062 1.8281516809e-05 -0.0162107797581 0.000271055172691 -0.000494602868874 -0.000198942538604 -0.00028891102907 4.16523802427e-05 -9.00903832539e-05 0.00015380498985 -5.98954260204e-06 2.83963329871e-05 2.31223121868e-05 4.22669406281e-06 -7.45903909525e-07 9.70131225178e-08 6.8646870171e-07 -7.10060433499e-08 -1.07561516443e-07 9.63990268239e-09 -8.79794117762e-10 -5.47720201359e-08 -4.37236607856e-08 2.54816159435e-09 8.79517858923e-10 -8.06546498714e-08 -1.14570212344e-09 4.18767921586e-10 -1.41860897423e-10 -8.07247162767e-11 -2.96889909467e-11 -1.73570321881e-10 1.64676991757e-11 -7.97820179607e-12 1.34257666935e-11 -3.15448906408e-13 -2.06590359285e-13 2.11882084213e-15 5.6066709876e-15 -8.6470555749e-16 2.99226063572e-16 2.33233992241e-15 -1.48813065413e-16 3.4560017549e-16 5.18410232238e-16 -1.00388842942e-15 1.90291096862e-15 1.28860652745e-16 -2.42330037741e-17 -7.40472897032e-18 -4.22574800524e-15 1.43447952919e-16 6.64822246703e-17 -4.50289589021e-17 -1.52526737999e-17 -1.77500333337e-19 2.55901152214e-18 7.99812573742e-19 3.66343799448e-19 
-0.0208280988421 -0.08285373208 0.319643747894 -0.719985247766 -0.00759711574087 0.520084918868 0.0829210471689 0.16483681111 0.163995180751 0.0346791738455 -0.195539600565 0.0176980140041 -0.000144227660803 -0.00343454331737 0.0157519886241 -0.00380832619448 -0.00025508812152 0.0121633883886 -0.000125186855668 -0.0220960337996 0.000357268386367 -0.000474542029171 7.54241508374e-05 -0.000527186942729 7.43393068786e-05 -0.000143767303644 0.000242968164076 -7.92322343324e-06 4.46394328611e-05 3.63546690512e-05 6.68168027426e-06 -1.1578944638e-06 1.54013195589e-07 1.07928866803e-06 -1.11997275212e-07 -1.69096122269e-07 1.52098232261e-08 -1.3812753232e-09 -8.62265546088e-08 -6.88556622688e-08 3.99591903e-09 1.38517630562e-09 -1.26978729702e-07 -1.80265351166e-09 6.59685232155e-10 -2.23098222424e-10 -1.27240213769e-10 -4.67394826654e-11 -2.73495716196e-10 2.59407355856e-11 -1.25670084358e-11 2.1137739146e-11 -4.97672900136e-13 -3.24820408252e-13 3.31653127206e-15 8.8306129837e-15 -1.37199634842e-15 4.48188501766e-16 3.67638079058e-15 -2.34060495546e-16 5.38705935671e-16 8.17353814695e-16 -1.56575046638e-15 2.96671155132e-15 2.0323339325e-16 -3.76631653268e-17 -1.15354428836e-17 -6.58835271745e-15 2.23546502811e-16 1.03690348565e-16 -7.02308063235e-17 -2.37869657779e-17 -2.85442096192e-19 3.99146420876e-18 1.24770288377e-18 5.7138786448e-19 
0.0162717491877 -0.00239592894051 0.0140611927245 0.0349496603474 0.937380735808 0.0137750244297 0.27479487795 -0.041562528403 0.00307023226835 0.165900704565 0.0100492077411 0.017815019315 0.019590441922 -0.0217117854138 -0.0788602610745 -0.0197064526078 0.00765298814937 0.0513402118152 -0.00463432341661 -0.032908911646 0.00784937402704 0.00326970316417 -0.000420299589095 0.0511151915322 -0.0042295549718 0.0087032529364 -0.0140138696844 0.000520607261792 -0.00249732266732 -0.00203531150566 -0.000376487608564 6.40241326482e-05 -9.01679486369e-06 -5.98535671954e-05 6.28335357203e-06 9.39996225177e-06 -8.62834020712e-07 7.58897398695e-08 4.83321556231e-06 3.86758339607e-06 -2.1747169547e-07 -7.78864524107e-08 7.12029618326e-06 1.00632257949e-07 -3.71382193304e-08 1.24121728408e-08 7.1969505471e-09 2.62031429918e-09 1.54326299641e-08 -1.46068192524e-09 7.0737626747e-10 -1.18562415146e-09 2.83352711255e-11 1.80385076254e-11 -1.78011217093e-13 -4.96699516861e-13 8.12922621635e-14 -1.57687020071e-14 -2.07974257161e-13 1.30336092298e-14 -2.8006422492e-14 -4.63207544268e-14 8.17862851922e-14 -1.54457162699e-13 -1.1543863373e-14 1.91260865983e-15 5.96938870376e-16 3.43114771299e-13 -1.15996670114e-14 -5.41579540938e-15 3.66838505955e-15 1.24150731698e-15 1.84542079716e-17 -2.08579124752e-16 -6.52748789841e-17 -2.98489409782e-17 
0.00878058679012 0.0184285286365 0.0694525051515 -0.147532669818 0.304186725927 -0.0642958469758 -0.886388492187 -0.0482797457218 -0.0259498301448 -0.28074654675 -0.0273728820282 0.0108148928915 -0.0180441605172 -0.0296849447583 -0.0787361131062 -1.42950342334e-05 0.00446091654237 0.00989724029099 -0.00183551904013 0.00124923537348 0.00225983083148 -0.000195221278725 0.00103480047353 0.0192916849174 -0.00190250505507 0.00325249113177 -0.00575031227447 0.000235378482015 -0.00104166219352 -0.000849524952542 -0.000153257840075 2.90117753058e-05 -2.95264478052e-06 -2.56851770711e-05 2.66065665019e-06 4.06223212241e-06 -3.40876545575e-07 3.45967394749e-08 2.00370231202e-06 1.58640752718e-06 -1.03598084684e-07 -3.17863839608e-08 2.9458688743e-06 4.25629880586e-08 -1.50598938242e-08 5.33691947278e-09 2.84985393491e-09 1.08527191354e-09 6.18611928839e-09 -5.91822799493e-10 2.87122872175e-10 -4.89832143907e-10 1.08405957953e-11 7.82479817782e-12 -9.00525781256e-14 -2.02352501842e-13 2.46587054875e-14 -2.58020118026e-14 -8.22905448757e-14 5.58010455961e-15 -1.61187656785e-14 -1.81591959367e-14 4.62150228998e-14 -8.84012858797e-14 -4.47199399895e-15 1.20167480611e-15 3.49711140409e-16 1.96149263185e-13 -6.72522052681e-15 -3.06124418678e-15 2.07309565895e-15 7.0373687476e-16 2.59471033976e-18 -1.17670193902e-16 -3.66602133459e-17 -1.6860685098e-17 
0.0784465672058 -0.133735177793 -0.136406739202 0.504998527718 0.00244593063124 0.776362151295 -0.142587081351 -0.163180129934 -0.0599408792752 0.0156767240369 -0.201088134129 0.0119383451409 -0.00129608984265 -0.000386901609887 0.0316610191063 0.0236064835555 -0.000521961034266 0.0408417052225 -0.000509652037579 -0.0705317343576 0.00144362487492 -0.00162596917859 0.000305526436745 0.000667124969833 -5.39013500014e-06 -6.58391845368e-05 6.31762862853e-05 4.14573867563e-06 1.29377649892e-05 1.03716839596e-05 2.37709097464e-06 -1.94014861617e-08 1.49381680204e-07 2.27886836952e-07 -2.52581264876e-08 -3.01037968795e-08 6.74067962596e-09 -1.43519128137e-11 -2.63936277589e-08 -2.33004784871e-08 -5.31569070836e-10 4.89680592511e-10 -3.96541175011e-08 -4.41714059618e-10 2.45940985555e-10 -4.33421177566e-11 -5.64143484118e-11 -1.44430406987e-11 -1.11367319518e-10 9.73357049053e-12 -4.64775679313e-12 6.69183181323e-12 -2.70649477413e-13 -5.42063382252e-14 -1.10604732048e-15 3.16854398151e-15 -1.60024267069e-15 -2.37722048371e-15 1.63831508895e-15 -4.85824938892e-17 -4.23488690004e-16 3.86480890469e-16 1.12723175224e-15 -2.27230878119e-15 1.03166452625e-16 4.18221458917e-17 9.81278275148e-18 5.01867889918e-15 -1.81687234332e-16 -7.47639002139e-17 5.0585541397e-17 1.73922679924e-17 -7.47273804233e-19 -2.85025671314e-18 -8.70928799362e-19 -4.10620960314e-19 
-0.0201153792341 -0.0474371394722 0.0210662779089 -0.274901063896 -0.0506286921054 -0.0358506173175 0.0855173726843 -0.83728939151 -0.444599811095 0.0197057613986 -0.072303475147 -0.0576413671732 0.00669158443413 0.0168253218863 -0.0103659023342 0.0436793610849 -0.000650606583711 -0.00645263145989 0.00013672151682 0.0110510183403 -0.00011192154375 0.000588358910908 -0.000147136843097 7.33822816942e-05 3.20109728678e-05 5.14288794021e-05 1.61457242569e-06 -4.13946152834e-06 2.49285425331e-06 2.15132311611e-06 -2.60804357928e-07 -4.63630735917e-07 -1.30694753449e-07 1.82752567981e-07 -1.36504044956e-08 -3.39972843655e-08 -2.39392437851e-09 -5.85962537685e-10 -2.76343610995e-09 7.28050215636e-10 2.45125603011e-09 -4.25222288406e-11 -3.03370582548e-09 -2.0360539573e-10 -3.70192056475e-11 -4.0188778534e-11 1.90428200692e-11 -1.31885827919e-12 2.78378924309e-11 -1.54203435255e-12 6.57491260801e-13 3.8484888092e-13 1.40683818212e-13 -7.03025760177e-14 2.9155108597e-15 -3.33003528986e-16 1.5186791924e-15 3.34341217624e-15 -5.61233744986e-16 -3.80428721789e-17 7.96277407962e-16 -1.54223045108e-16 -2.17716864168e-15 4.30589465542e-15 -4.77054097724e-17 -7.18422413808e-17 -1.80365891959e-17 -9.52585175363e-15 3.38311451574e-16 1.44331924485e-16 -9.76876860824e-17 -3.34295597214e-17 8.64521295674e-19 5.51923659695e-18 1.69874030733e-18 7.935341561e-19 
-0.190277326918 -0.155765689955 -0.253917930742 -0.15194536894 0.0257140650386 0.267674432071 0.0254887052778 0.0283737316679 -0.122306938356 -0.192254992803 0.849881850939 0.0384531591991 -0.00065107366114 -0.0103960875478 0.0215623012648 -0.0288131812901 0.000463928626573 0.0183843817553 -0.000265490471156 -0.0275658692928 0.000778200168966 -0.000475012994989 2.5788317243e-06 0.00165769319119 -0.000106676362493 0.000217021341475 -0.000343555381331 1.40381096485e-05 -5.9885555254e-05 -4.88466741534e-05 -9.03356240129e-06 1.55185337816e-06 -2.1243877622e-07 -1.43547524542e-06 1.5173041132e-07 2.26337012422e-07 -2.06572966655e-08 1.83591309487e-09 1.15930495369e-07 9.26792702998e-08 -5.28474393808e-09 -1.8656333359e-09 1.70756357978e-07 2.41803443013e-09 -8.89061802272e-10 2.98685730749e-10 1.71946461097e-10 6.2845214369e-11 3.69090676573e-10 -3.49660548044e-11 1.69359054838e-11 -2.84296246652e-11 6.75049521496e-13 4.34426796774e-13 -4.35220563306e-15 -1.18956872533e-14 1.90401341463e-15 -4.7590135636e-16 -4.96851566061e-15 3.13518237153e-16 -6.94613426574e-16 -1.10574922023e-15 2.02411761004e-15 -3.82832811242e-15 -2.75298633177e-16 4.79479230346e-17 1.48364181341e-17 8.50318499063e-15 -2.87943450965e-16 -1.34039534863e-16 9.07893711822e-17 3.07370368786e-17 4.17007068002e-19 -5.16112423366e-18 -1.61433986655e-18 -7.38696576775e-19 
0.38345317796 -0.192754168212 0.437312915937 0.155383087776 0.027548562673 -0.0455890624283 0.196866875801 -0.185658810448 0.262756371636 -0.580978376468 0.123870256706 -0.013411007047 -0.0171085258069 -0.232012093627 0.147413378319 0.0444789830357 0.00243292939864 -0.116538295412 0.00289754184435 -0.103044857564 -0.000374819285897 -0.0132093011187 0.00317561551491 -0.00521357240634 -0.000445151538855 -0.00137212442754 0.000602081816156 5.12138483595e-05 6.06336476712e-05 4.74359337502e-05 2.11174674535e-05 5.90370515289e-06 2.82946143298e-06 -8.61709928095e-07 -1.79888066511e-08 2.30346202834e-07 8.21457103305e-08 7.68285994324e-09 -1.56505921114e-07 -1.8016447021e-07 -3.64405887774e-08 4.15057128469e-09 -2.49961926867e-07 -5.28036084143e-10 2.29150318492e-09 2.16963635584e-10 -6.65964901731e-10 -8.81511722425e-11 -1.18491009702e-09 9.17229728334e-11 -4.27474364689e-11 4.38615300674e-11 -3.85041795166e-12 5.37347249728e-13 -4.68214389658e-14 2.76152870296e-14 -3.18964002247e-14 -6.18387306044e-14 1.94496400212e-14 1.50191732258e-16 -1.36842874912e-14 4.87836758008e-15 3.7190961761e-14 -7.38685521369e-14 1.38915035243e-15 1.26107841266e-15 3.11576686151e-16 1.63357244477e-13 -5.82688136757e-15 -2.46577801849e-15 1.66878227448e-15 5.716676921e-16 -1.69609553572e-17 -9.42273604187e-17 -2.8955417765e-17 -1.35536569779e-17 
-0.254449979239 0.326419355437 -0.191738799061 -0.0386960984573 0.0787219289344 0.0605599003746 0.199705036619 0.256067922648 -0.415469215647 -0.565729961869 -0.276043358374 -0.131808082024 -0.0180569053825 -0.13498750108 0.0743970382931 0.221299787302 0.000216587638529 -0.0905468178696 0.00198411110136 -0.0866411003489 6.51592422847e-06 -0.0102559928846 0.00304295352719 -0.00275084648171 -0.000463579187285 -0.000861907307967 9.64884984837e-05 5.78120408421e-05 -2.01599589735e-05 -1.80222280066e-05 6.62018907302e-06 6.52634013212e-06 2.02543907463e-06 -2.34102845256e-06 1.58531944589e-07 4.44177848956e-07 4.22335913177e-08 8.2645148446e-09 7.43445087151e-09 -3.81889971054e-08 -3.52728109298e-08 1.18869218246e-09 -4.63229545247e-09 2.34883041743e-09 8.17878241338e-10 5.16379868872e-10 -3.3678270142e-10 1.37819466054e-12 -5.26807692905e-10 3.34481091917e-11 -1.48546608342e-11 2.57084733292e-12 -2.31301418067e-12 9.28849190511e-13 -4.25266553394e-14 8.50158296278e-15 -2.33889637634e-14 -5.01227853171e-14 9.89684112698e-15 4.7985276213e-16 -1.17673018315e-14 2.64336038264e-15 3.21372784917e-14 -6.36108594562e-14 7.98084153707e-16 1.06600081674e-15 2.66806339334e-16 1.40715196763e-13 -5.0016379027e-15 -2.13053257665e-15 1.44198119483e-15 4.9355574979e-16 -1.31198201055e-17 -8.14609083218e-17 -2.50648914692e-17 -1.17131133091e-17 
-0.150909178686 -0.0571649922679 -0.24186768746 -0.0454519449044 0.0582163646808 -0.0335452195599 0.08811261705 -0.130216878043 0.213110623162 -0.303956084225 -0.181636056478 0.587225039923 -0.162825391068 0.431312293409 0.179025404426 -0.295583960738 -0.0117554382608 -0.08970502928 -0.013947851696 0.136438141916 -0.0220051285485 -0.00117183470891 0.000379509525026 -0.0902115410308 0.0078039408837 -0.0150574889513 0.024980695533 -0.00095808351458 0.00447284621724 0.00364579179181 0.000668804757135 -0.00011805306634 1.49477260501e-05 0.000108290116783 -1.13165635781e-05 -1.70461938529e-05 1.51668525941e-06 -1.40319315771e-07 -8.63780128049e-06 -6.88660980266e-06 4.08778116274e-07 1.38434463584e-07 -1.27161375301e-05 -1.81115106272e-07 6.58667353395e-08 -2.24713922465e-08 -1.2661031534e-08 -4.68165387512e-09 -2.72633067379e-08 2.58992537243e-09 -1.25503491387e-09 2.11641325296e-09 -4.92773331366e-11 -3.2758896848e-11 3.42492973054e-13 8.82343124422e-13 -1.31667194467e-13 5.72174209766e-14 3.6577717876e-13 -2.35608430659e-14 5.68527238907e-14 8.12125024174e-14 -1.6473426238e-13 3.12800371103e-13 2.0158528214e-14 -4.03472346795e-15 -1.22105341589e-15 -6.9451913036e-13 2.3621343928e-14 1.09099307013e-14 -7.38917630036e-15 -2.5039630844e-15 -2.53578469243e-17 4.19831772135e-16 1.31138069395e-16 6.01126981555e-17 
-0.00934652570332 -0.00427230574762 -0.0154825630987 -0.0182868604716 -0.0968870434345 -0.0678453149775 0.0319186173208 -0.00132593396051 -0.0206822684653 -0.0515026756616 -0.0421231545064 0.266810040761 -0.00381232783262 0.00525336293463 -0.265314590835 -0.114105257581 0.0732943881858 0.311965058667 -0.0373950475094 -0.714821323378 0.0740073932673 -0.00681834989185 0.00499649841448 0.427620387206 -0.0374321093397 0.0711520140805 -0.118720890584 0.00461060473663 -0.0212704017999 -0.0173404939617 -0.0031754197319 0.000564821598345 -6.99801292178e-05 -0.000515824626367 5.38727102931e-05 8.12603303402e-05 -7.18916436323e-06 6.71260805076e-07 4.10634542906e-05 3.27157585706e-05 -1.96128366243e-06 -6.57467694784e-07 6.04439289926e-05 8.62120290754e-07 -3.12682157474e-07 1.07074370831e-07 6.00139858586e-08 2.22540706328e-08 1.29327190164e-07 -1.22940717456e-08 5.95813555696e-09 -1.00589446114e-08 2.330733204e-10 1.56188830171e-10 -1.64979112148e-12 -4.18988828131e-12 6.14155670098e-13 -2.97011495213e-13 -1.73373767634e-12 1.1223245149e-13 -2.76105339404e-13 -3.84714989406e-13 7.99055824694e-13 -1.51855102462e-12 -9.54235306044e-14 1.9709700256e-14 5.93706104967e-15 3.37141997207e-12 -1.14773152184e-13 -5.29205097252e-14 3.58419795091e-14 1.21481851215e-14 1.1399826844e-16 -2.03620497884e-15 -6.35836761103e-16 -2.91574145207e-16 
-0.0130720627872 -0.00577297742193 -0.0183765409664 -0.0330572210791 0.0626841508268 -0.0420174648858 -0.108222107888 0.0109649570632 -0.0148018396864 0.222117037949 0.0344315989795 -0.109518877651 -0.0144091102762 0.166964877959 0.567511929242 0.0483715291401 0.0206551340402 -0.504024069574 0.00945261923 -0.546899118895 0.00222469151979 -0.0806399921 0.0066534134745 -0.0704929562177 0.000367917820495 -0.0148613953034 0.014248578116 -0.000143238610801 0.0022555308777 0.00182637449547 0.00041132803364 -1.33481503888e-05 2.38465500557e-05 4.00660215007e-05 -4.85715913417e-06 -5.72482032758e-06 1.14719771843e-06 -1.11463495402e-08 -4.59831341899e-06 -4.01029562281e-06 -5.49233235981e-08 8.3913916472e-08 -6.89113328308e-06 -7.92958841797e-08 4.18905815903e-08 -8.08047531427e-09 -9.4545132435e-09 -2.51256492497e-09 -1.88070030854e-08 1.6570630104e-09 -7.92396888648e-10 1.16084686973e-09 -4.46170059724e-11 -1.04080250049e-11 -1.47228697449e-13 5.41960201008e-13 -2.53563386211e-13 -3.60477667415e-13 2.74418077495e-13 -8.95255808334e-15 -6.12304598143e-14 6.44104289504e-14 1.62122558251e-13 -3.28047239096e-13 1.70963440364e-14 6.14814884784e-15 1.42496148894e-15 7.24298858524e-13 -2.63187487598e-14 -1.07538477047e-14 7.2756154066e-15 2.50383891176e-15 -1.16100924889e-16 -4.097231395e-16 -1.25012717728e-16 -5.90503087804e-17 
-0.182408463856 -0.0694354496112 -0.29102272834 -0.0778068791408 -0.0157368834029 -0.0366042565227 -0.0315282037315 -0.122014086279 0.243104916757 0.120647941257 -0.0923058943771 0.368363864848 0.179983664114 -0.731533183225 0.0132290068253 0.15621036386 -0.00137443370199 -0.187029577189 -0.0202278474465 -0.026967983544 -0.022737739215 -0.0251522080447 0.00135001710092 -0.0763707915669 0.00487571646626 -0.0135147228713 0.0194967869438 -0.000638415835153 0.00340810304066 0.00277353123076 0.000530211249142 -7.69455058703e-05 1.59749192367e-05 7.84594045485e-05 -8.38181575824e-06 -1.21773136203e-05 1.26189451011e-06 -9.01450602617e-08 -6.64745440827e-06 -5.39628156071e-06 2.38077044093e-07 1.09380142001e-07 -9.81995357042e-06 -1.34586934373e-07 5.25996803348e-08 -1.62101037573e-08 -1.05032233177e-08 -3.60919486281e-09 -2.21844680759e-08 2.07118259463e-09 -1.00073845794e-09 1.63837641198e-09 -4.30638510302e-11 -2.32413849751e-11 1.7143888573e-13 6.99236955453e-13 -1.52571717098e-13 -6.50314262508e-14 3.03785087405e-13 -1.71325856995e-14 1.82282428197e-14 6.84176476084e-14 -5.70857950955e-14 1.02756898027e-13 1.72905880917e-14 -7.90587304631e-16 -3.60832411001e-16 -2.29290557304e-13 7.32838216816e-15 3.77593567969e-15 -2.55958890145e-15 -8.56661322864e-16 -4.81502413283e-17 1.46449468871e-16 4.65731810755e-17 2.08615205924e-17 
0.0143416679205 0.00529837644083 0.0229006261024 0.00311874948165 0.000315658119071 -0.0147389284303 0.0229648745599 0.00533528120997 -0.0168159775607 -0.0310345525733 0.000317085961883 0.0020045235732 -0.00535189787281 0.0321576671494 -0.339387446995 -0.0723778160099 0.0253895637119 0.113766940773 0.000891164133013 -0.347166566117 0.0062908154365 -0.0526853443736 0.000849605126606 -0.81093483244 0.0721099078603 -0.139201623066 0.231541412019 -0.00883024001338 0.0415412834219 0.0338605468827 0.00620953617212 -0.00109679788512 0.000138643540189 0.00100594604836 -0.000105064886442 -0.000158347679495 1.40840391233e-05 -1.30389133524e-06 -8.02251139724e-05 -6.39596886442e-05 3.7992167931e-06 1.28591991242e-06 -0.00011810531474 -1.68219722134e-06 6.11766893633e-07 -2.08671849691e-07 -1.17592762937e-07 -4.34744705376e-08 -2.53198751764e-07 2.40531994975e-08 -1.16552667484e-08 1.96561263319e-08 -4.57763112076e-10 -3.0429459079e-10 3.17338731865e-12 8.19583036549e-12 -1.22479813321e-12 5.24708831674e-13 3.39735332054e-12 -2.18747504239e-13 5.26739304813e-13 7.54433512335e-13 -1.52645990273e-12 2.89821963733e-12 1.87315195793e-13 -3.73579676517e-14 -1.13116679748e-14 -6.43504787278e-12 2.18839958381e-13 1.01093336621e-13 -6.84695311068e-14 -2.3201730688e-14 -2.3671304367e-16 3.89026614222e-15 1.21518695727e-15 5.57017649212e-16 
0.000427071525459 0.00106363676789 -0.000881979833435 0.0232835410069 -0.0276911024068 0.0651472232 0.0392288628747 -0.0068440066346 0.0254270804122 -0.0343450965244 0.0108951178498 -0.0553201129932 -0.00579883034018 0.10200964421 -0.620210180795 -0.112786605631 0.0983498759978 -0.717046375493 0.0380920982914 0.0193405551807 -0.0983151240761 -0.126779354976 0.0120327761086 0.149512613644 -0.0315196173997 0.0211299537545 -0.0663971860609 0.00362145525066 -0.012885367768 -0.0105331612365 -0.00170706029784 0.000475998551007 5.18537230312e-06 -0.000355363098297 3.50757890954e-05 5.75976759149e-05 -3.22911028829e-06 5.80833147999e-07 2.41512529975e-05 1.82354962326e-05 -1.95187640015e-06 -3.56981579033e-07 3.51957724134e-05 5.57356364283e-07 -1.63974115234e-07 7.4350124433e-08 2.73690482744e-08 1.30424628099e-08 6.37945460827e-08 -6.43997089563e-09 3.15183793359e-09 -5.82906294632e-09 8.45058558373e-11 1.12534481541e-10 -1.87946950108e-12 -2.26490966756e-12 -1.62711906213e-13 -1.28323516082e-12 -7.91453631948e-13 7.63527550535e-14 -4.23949539799e-13 -1.66020930151e-13 1.18414308456e-12 -2.30703536838e-12 -3.81515996401e-14 3.53050674749e-14 9.42379281486e-15 5.11057724075e-12 -1.7868822187e-13 -7.84716888909e-14 5.31253922106e-14 1.81137271e-14 -2.26556331323e-16 -3.00773734713e-15 -9.30854750145e-16 -4.31786531477e-16 
-0.231903341913 -0.0878614187083 -0.370513140161 -0.0790682462229 0.0160747364702 -0.0312455989117 0.0321980853565 -0.215875344973 0.5509462206 -0.154382846731 -0.110471494435 -0.606242244124 -0.00766837001857 0.0774188096201 -0.0412097815716 -0.0303909720825 0.00931629940377 0.128474845264 0.0284042747434 -0.0941267928742 0.0289621612928 0.011717400706 0.000376508357733 0.0528603039216 -0.00352192148261 0.00901209320204 -0.0133894208607 0.000464237410017 -0.00235009025363 -0.00191287013935 -0.000362169706878 5.52133355258e-05 -1.0265927947e-05 -5.47706038879e-05 5.82003225304e-06 8.52775480533e-06 -8.52206995519e-07 6.48907293459e-08 4.57179049569e-06 3.69547076334e-06 -1.76154155967e-07 -7.47432178451e-08 6.74794352756e-06 9.33493713825e-08 -3.585934263e-08 1.13299625124e-08 7.0982286391e-09 2.48175355046e-09 1.50604206075e-08 -1.41171304708e-09 6.82603238956e-10 -1.12526176488e-09 2.87646186672e-11 1.63067829594e-11 -1.33449425121e-13 -4.77530948799e-13 9.63644259751e-14 2.63312390755e-14 -2.05245499062e-13 1.19531873887e-14 -1.68302734212e-14 -4.60693171051e-14 5.09854176581e-14 -9.38803316066e-14 -1.15933906803e-14 9.32939597404e-16 3.45528901121e-16 2.09035907736e-13 -6.86526070428e-15 -3.3741853135e-15 2.28643540652e-15 7.69236756656e-16 2.83143119346e-17 -1.30440666254e-16 -4.11754126262e-17 -1.86207881067e-17 
-0.00905056769219 -0.00344254171794 -0.0143957721872 -0.00651142867711 -0.00270136071591 0.000623677702746 -0.00417385778026 -0.00120074695612 -0.0103750487853 0.100523851085 0.0113986483637 -0.0392670283419 -0.964775210572 -0.236312361146 -0.0182481735217 -0.00741556551154 0.0242848294445 -0.00688945022551 -0.000795095710041 -0.00802991273832 0.000939113471451 -0.00198395259906 -0.000113817218557 0.00367475324822 -0.000496776355101 0.00056679453632 -0.0012196970116 5.58337074731e-05 -0.00022675716333 -0.000185254823281 -3.19665543119e-05 7.20762087414e-06 -3.2427842617e-07 -5.87415243755e-06 5.96395613131e-07 9.41008911806e-07 -6.68645845129e-08 8.70106495874e-09 4.31750871005e-07 3.35104961954e-07 -2.76683407519e-08 -6.65192435706e-09 6.3241087236e-07 9.50603783065e-09 -3.11204370392e-09 1.22536712938e-09 5.61150017127e-10 2.3339736509e-10 1.24937973495e-09 -1.22107372551e-10 5.94448137703e-11 -1.04889135481e-10 1.97931582018e-12 1.82357034177e-12 -2.57377038803e-14 -4.22110084918e-14 1.76397835519e-15 -1.3095339034e-14 -1.61844349864e-14 1.27154025617e-15 -5.2400550269e-15 -3.50298554826e-15 1.47822853498e-14 -2.85988562834e-14 -8.40844261339e-16 4.19146148628e-16 1.15425324788e-16 6.33919964253e-14 -2.200192306e-15 -9.79435877108e-16 6.63155624651e-16 2.25729018714e-16 -1.42435803343e-18 -3.75824630793e-17 -1.16612767575e-17 -5.39129508274e-18 
-2.57635850536e-05 8.6600647749e-05 -0.000213411960234 0.00220483172104 -0.00293181486305 0.007107954236 0.00334847693861 0.00282760966677 -0.00824801782334 -0.00206997853525 -0.00195363033925 -0.011036725768 -0.0116797343915 -0.0136098193751 -0.0774355687543 -0.070531379459 -0.755376441919 -0.113927492611 -0.143101592891 -0.0132602541865 0.619603727964 -0.0134631039626 0.00339115742276 0.00820423210854 -0.00223931913549 0.000957880219766 -0.00478272503085 0.000297371791031 -0.000958392243478 -0.000783994149095 -0.000120359237711 3.90885810848e-05 1.69835340489e-06 -2.76101125603e-05 2.66895006849e-06 4.50888543095e-06 -2.08027998573e-07 4.79160672925e-08 1.77379368278e-06 1.31008329941e-06 -1.6591913367e-07 -2.52820847397e-08 2.57395038347e-06 4.23893766865e-08 -1.14514100902e-08 5.80605091289e-09 1.77663115022e-09 9.58639743261e-10 4.3231714103e-09 -4.49630415564e-10 2.21247939978e-10 -4.25420140958e-10 4.60536189686e-12 8.85697772558e-12 -1.68430876453e-13 -1.59927749293e-13 -2.82550412028e-14 -1.2979284705e-13 -5.12703834022e-14 5.94082927333e-15 -3.93808988012e-14 -1.03338719749e-14 1.0948368366e-13 -2.14000105778e-13 -2.23045248655e-15 3.33986224616e-15 8.79031108129e-16 4.73918553912e-13 -1.66277662154e-14 -7.25593150109e-15 4.91199072267e-15 1.67612154495e-15 -2.58042374073e-17 -2.77978500273e-16 -8.59311163e-17 -3.99183140017e-17 
6.64062625887e-05 0.000122134980339 -2.61213660902e-05 0.00242524634786 -0.0024060187158 0.00789010659572 9.81267000507e-05 -0.000588009123364 0.00306539396973 -0.000118023082151 0.00205577497638 0.0042071313079 0.0136654427231 0.00768834385254 0.0211984191175 0.0276971254943 0.637965816418 -0.0504215050551 -0.235421785139 0.0981542733385 0.722992284127 0.00193135362995 0.00218173327277 -0.0317648396404 0.00256402432482 -0.00530380047071 0.00765030300518 -0.000257695310156 0.00132771168131 0.00108235555082 0.000207155847684 -3.03371903282e-05 6.14163648052e-06 3.05765043032e-05 -3.28313724856e-06 -4.76614006682e-06 4.91585075587e-07 -3.54410897303e-08 -2.59178253927e-06 -2.10232547765e-06 9.41330669061e-08 4.26228838342e-08 -3.82840110824e-06 -5.25485264915e-08 2.04804212752e-08 -6.3334420498e-09 -4.08484961539e-09 -1.40701399541e-09 -8.63886754794e-09 8.0693075029e-10 -3.89895627068e-10 6.38918673475e-10 -1.67483095173e-11 -9.08918001737e-12 6.75942302087e-14 2.72571437972e-13 -5.90939656438e-14 -2.46412620295e-14 1.1828609083e-13 -6.6877086937e-15 7.28304605995e-15 2.66377359899e-14 -2.27380554744e-14 4.10160792693e-14 6.73182670807e-15 -3.24169260633e-16 -1.44678332636e-16 -9.15044694697e-14 2.93208002131e-15 1.50407893798e-15 -1.01953567837e-15 -3.41389893828e-16 -1.85743231845e-17 5.83171548952e-17 1.85327733734e-17 8.30897291712e-18 
-9.45199325524e-07 -3.09273964119e-05 5.38222874921e-05 -0.000663974038876 0.000877262934321 -0.00230208365775 -0.000611157353466 -0.00229448670368 0.00294901784319 0.00405411587167 0.0013730281706 0.0610068438772 -0.0036941997815 0.00659822685695 -0.00512275580385 0.0588414837682 0.0377986178578 0.00856332034233 0.956529164277 0.00195943309851 0.276048556814 0.00583904417769 -0.000597403957559 0.00138483972073 3.19778241384e-05 0.000318039204439 -0.000144352931224 4.8405564949e-05 -2.35435838402e-05 -1.8589964537e-05 -6.94440103118e-06 2.38249381197e-06 3.07961852972e-06 -1.59419774863e-06 -3.08840411838e-07 -9.30742073863e-07 -1.41026269778e-08 -1.63438521261e-08 2.43283790483e-07 5.93367324835e-08 9.32012989033e-08 3.00451373307e-08 -1.05447802367e-08 3.39883771856e-09 5.99410743627e-09 6.48125932552e-09 -2.50146982376e-09 2.49904757344e-10 -1.35424011717e-08 1.01948532036e-09 -4.23725868444e-10 4.70171790785e-10 -7.8428337699e-11 -8.89957296695e-12 -5.46239935782e-12 8.00947750094e-13 -1.00493034478e-12 -3.09575811001e-12 2.10873654442e-13 2.07842345511e-14 -5.08183761036e-13 1.06650511187e-13 1.3890292452e-12 -2.73942672533e-12 4.8692073766e-14 4.5891791627e-14 1.14750448703e-14 6.06079488135e-12 -2.15773701738e-13 -9.20797811152e-14 6.23115576423e-14 2.13086098678e-14 -4.96762245912e-16 -3.53256334938e-15 -1.09241535682e-15 -5.06172792744e-16 
6.37633823776e-06 -2.98051921452e-05 5.52286187813e-05 -0.000776061223649 0.000814283051407 -0.0026002367346 -4.05506874373e-05 -0.000188201116944 9.49897331066e-05 0.000869764362674 -0.000233061856552 -0.000327085468517 2.50648299183e-05 -0.00165933308152 0.0274163240827 0.00697127598245 -0.00248762767075 0.0749449662939 0.00206929330688 0.0401940716945 0.00197082449768 -0.52668433262 0.616691781297 0.0339082071003 0.250178017231 0.0201771877595 -0.0313606512398 -0.398493997897 0.0381848453364 0.0406350120645 0.0443914201343 0.114130404455 -0.257220692817 0.0185632207729 0.0673941239158 0.141432342939 0.00478190968899 0.00244946657384 -0.0287203847259 -0.0102668512602 -0.0133010727382 -0.00344729681335 7.7599576747e-05 -0.000243283091514 -0.000643004784821 -0.000726328587453 0.000271665268695 -2.82931898895e-05 0.00157622054932 -0.00011914618705 4.95710630058e-05 -5.58771537284e-05 9.14817401514e-06 1.11764039779e-06 6.44919567214e-07 -9.44951433961e-08 1.17510373345e-07 3.63368228337e-07 -2.4384579824e-08 -2.42327481548e-09 5.93769840972e-08 -1.24728515681e-08 -1.62295803352e-07 3.20064486535e-07 -5.71874709738e-09 -5.3621129066e-09 -1.34070018125e-09 -7.08121619525e-07 2.52110892049e-08 1.07587028334e-08 -7.2805334455e-09 -2.48968965564e-09 5.79477102394e-11 4.12767793993e-10 1.27653650843e-10 5.91416593069e-11 
5.73588437546e-07 1.89948442698e-06 -9.3904104159e-07 1.02328389879e-06 -2.45838565818e-05 0.000196713936109 -8.51414907291e-05 9.30543255113e-05 -0.000379184741932 0.0025525523722 0.000563634491194 6.95358725535e-05 0.000109815155216 -0.000356787340029 -0.00106907548582 -0.00122399094994 4.50873290023e-05 -0.00495335385037 0.00059468337252 -0.00228449451424 -0.00272733505568 0.12526925166 0.724292291241 -0.020701008152 -0.138725734076 -0.0197507758034 0.0197233705732 0.513842332102 -0.0516407660453 -0.0552332398553 -0.0563923493001 -0.142770383946 0.323630495283 -0.0235258135586 -0.0847098011479 -0.177780090294 -0.00601446927574 -0.00307901534133 0.0361285528501 0.0129191763679 0.01672130091 0.00433445057668 -7.57674353025e-05 0.000306316331055 0.00080844791781 0.000913337393548 -0.000341595463802 3.55765502083e-05 -0.0019820269275 0.000149820205118 -6.23334996443e-05 7.02608363675e-05 -1.15033789703e-05 -1.40528521054e-06 -8.10958982343e-07 1.18822284075e-07 -1.47763377494e-07 -4.56916888858e-07 3.06621543272e-08 3.04714194516e-09 -7.46633578431e-08 1.5683922639e-08 2.04078228284e-07 -4.02463839301e-07 7.19101475698e-09 6.74256779431e-09 1.68585819919e-09 8.90424767302e-07 -3.17015858249e-08 -1.35284891315e-08 9.15487852811e-09 3.13065058139e-09 -7.28660699121e-11 -5.19033266778e-10 -1.6051759258e-10 -7.43674500198e-11 
-7.39121743847e-06 4.42507852461e-05 -7.73509481784e-05 0.00108732445518 -0.00117431054673 0.00386286443006 7.10433554948e-06 0.000339297151282 -0.000454504065172 0.00198269091591 0.00106951867744 -0.000191862394643 7.56454630754e-05 0.00224387174853 -0.0376668273256 -0.0107332838653 0.0036384195095 -0.101477844083 -0.00105944897154 -0.046851455347 -0.005932997284 0.677576652326 0.177808598279 0.0243452358255 0.617394422882 0.0224427449397 -0.0184281218589 0.0185808161486 -0.00294680806846 0.00489071496073 0.0323452555918 0.150085036452 -0.247805579158 0.0072524368088 0.0699251899203 0.145067643107 0.0051768649049 0.00251804183207 -0.0293182233151 -0.010928219615 -0.0136332560686 -0.00346542725609 -0.00051115401094 -0.000237653134904 -0.000640564930443 -0.000730487448187 0.000271484099455 -2.86703572425e-05 0.00158738635732 -0.000120014237122 4.99262015669e-05 -5.6336275142e-05 9.22009653996e-06 1.1328434384e-06 6.5082873611e-07 -9.53200956594e-08 1.18484328971e-07 3.66525142598e-07 -2.45481129265e-08 -2.44399406715e-09 5.98721343293e-08 -1.25736304672e-08 -1.63649606158e-07 3.22732632207e-07 -5.76785205084e-09 -5.4067825687e-09 -1.35187193449e-09 -7.14024898971e-07 2.54212857826e-08 1.08484464358e-08 -7.34126262363e-09 -2.51045367475e-09 5.84191419494e-11 4.16212621722e-10 1.28719870326e-10 5.96349862037e-11 
-3.96153074646e-06 1.97440257464e-05 -3.47746548922e-05 0.000488375082266 -0.000518099262049 0.00177286352544 -5.75046608197e-05 -1.28065099177e-05 0.00023578919612 0.00177945927144 0.00086730521654 0.000992301132071 -0.000237270982643 0.00182217217944 -0.0188733852901 -0.00237614526889 0.00137105706622 -0.0523345048517 -0.00110111748478 -0.0287785096659 -0.00355840468366 0.4684065459 0.249846808725 -0.0548513589182 -0.609890328174 -0.0162496784167 0.00671172398517 -0.570890793623 0.0598955290158 0.0545081932293 0.0240514321797 -0.0172116430241 -0.0664796186596 0.0171804324502 0.0116078898087 0.0263003861187 0.000575921291943 0.000449135312635 -0.00551585599239 -0.00145623836619 -0.00248554335961 -0.000723080855749 0.000687016183803 -5.93212202654e-05 -0.000141588179658 -0.000152031497693 5.88546984615e-05 -5.67937535969e-06 0.00032725531438 -2.47082428731e-05 1.02862483041e-05 -1.15257330675e-05 1.89141674901e-06 2.23720341688e-07 1.32409092359e-07 -1.94438405035e-08 2.42399374633e-08 7.47924147138e-08 -5.07238581811e-09 -4.99181113499e-10 1.22446050385e-08 -2.57560633055e-09 -3.34678700573e-08 6.60040503155e-08 -1.17769195316e-09 -1.10581319495e-09 -2.76486082502e-10 -1.46029415619e-07 5.19902400861e-09 2.21860958437e-09 -1.50135922155e-09 -5.13416308027e-10 1.19628632648e-11 8.51171213161e-11 2.63225505113e-11 1.2195919222e-11 
-1.08711059934e-06 6.9058509492e-06 -1.20353392888e-05 0.000175338937544 -0.000186479413343 0.000591314612445 2.52432396869e-05 1.96918906208e-05 5.15509205191e-05 9.05420108485e-06 0.000126168686365 -0.000177489494598 -2.81604868907e-05 0.000567258373948 -0.00547997127688 -0.00124693323936 0.000591632389223 -0.0134095334769 1.30090746243e-05 -0.00409590027274 -0.000557092811002 0.0409835421369 -0.0272308507288 0.0440762190512 0.3963575265 -0.0458413229858 -0.0204246218881 -0.475757089969 0.0267699101804 0.0104723235303 -0.0635400716404 -0.380322298629 0.559817293754 -0.00617007925377 -0.163067513407 -0.33670787999 -0.0122493359252 -0.00585030539759 0.0678775282929 0.0257044333318 0.0316298934445 0.0079772102996 0.00168910986018 0.000541245713161 0.00146920866507 0.00168206629899 -0.000623451748845 6.62941956107e-05 -0.00365512891548 0.000276360471056 -0.000114951000192 0.00012976716956 -2.12402481616e-05 -2.61668480831e-06 -1.50042350945e-06 2.19680202198e-07 -2.73020038849e-07 -8.4475664805e-07 5.65102326276e-08 5.63271336986e-09 -1.37965038882e-07 2.89682595152e-08 3.77102858782e-07 -7.43680442444e-07 1.32924352568e-08 1.24589214488e-08 3.11514670402e-09 1.64534470632e-06 -5.85788956219e-08 -2.49984092059e-08 1.69166966206e-08 5.78491082004e-09 -1.34600257862e-10 -9.59093725076e-10 -2.96614549078e-10 -1.37418717617e-10 
2.20322452241e-06 -1.43045284648e-05 2.49069080462e-05 -0.000370003094666 0.000391720716056 -0.00121437170865 -9.8781575083e-05 5.79805652368e-05 -0.000422782416797 3.59547807503e-05 -0.000344975171283 0.000592034578604 0.00018314504765 -0.00178782992422 0.0105740888708 0.00126166898264 -0.00123064631016 0.0229091946015 -3.3014177859e-05 0.000915413431015 0.000272596867915 0.00361877911687 -0.00718870930687 -0.239049797799 -0.0128739879288 -0.225483669502 -0.887826792936 -0.0148571651369 -0.26162289699 -0.18231131768 -0.0254503454214 0.0100837093823 -0.0108503955828 -0.00875626727766 0.00320281388387 0.00615974884326 0.000374101590878 0.000100947427619 -0.00122460024911 -0.000584175472426 -0.000557584559148 -0.000128168346498 -0.000199623773074 -2.72077410319e-06 -2.19736817547e-05 -2.64833662726e-05 9.67366819476e-06 -5.77995917256e-07 6.77570119341e-05 -5.15148050285e-06 2.16433836181e-06 -2.48134690751e-06 4.91326458499e-07 1.40102708911e-07 5.54904378654e-08 -6.31319511949e-09 7.18540367043e-09 2.50141853981e-08 -8.30430884964e-11 -1.76186323295e-10 3.47399804036e-09 -5.72946572098e-10 -9.53549545686e-09 1.87490076583e-08 -3.47003439885e-10 -3.12286538217e-10 -7.78813689806e-11 -4.14929411823e-08 1.47681657416e-09 6.32176165226e-10 -4.27681162256e-10 -1.46152163216e-10 3.03205789548e-12 2.43119861885e-11 7.59830112847e-12 3.47739784418e-12 
-5.62199091799e-07 -1.92233632254e-06 3.04599220915e-06 -1.80272821361e-05 4.84539107586e-05 -0.000130290760583 -1.27890659449e-05 -0.000419701933847 0.0012379623212 0.000122491510468 0.000420618946681 0.00129076859939 -0.000616969846927 0.00211923320375 -0.00045867754243 0.00617542845744 -0.000499447725897 0.0012952286946 -0.000476998048746 -5.69659075041e-05 4.00318217247e-05 0.000899319379162 -0.00132641076426 -0.0106646631141 0.00367791488151 -0.0753402708681 -0.249698935516 0.100177669897 0.672812949996 0.343148176199 -0.0757035580579 -0.00873728904913 0.10518097849 0.321869899971 0.403743409602 -0.0976983895345 0.0203468729189 0.00611313841913 -0.2347668271 0.0224561691112 0.00895549324081 -0.0308143544283 0.0132758348284 -0.0271239035233 -0.00752190611332 -0.0148231988992 0.00272296382726 -0.00134897138701 -0.00289276059694 0.000434728613483 -0.000418265429462 0.000387389141508 0.000494951344346 0.000394372908432 0.000126304921213 -1.02023786358e-05 1.0525339972e-05 4.49012281673e-05 4.10066660886e-06 -3.58855485174e-07 4.77011595436e-06 -2.54828440343e-07 -1.32154062491e-05 2.58133358647e-05 -4.91419654145e-07 -4.2368421997e-07 -1.05281983019e-07 -5.71632605525e-05 2.03234294548e-06 8.76307158775e-07 -5.92507237144e-07 -2.02171287386e-07 3.0585524257e-09 3.3868042656e-08 1.08113843028e-08 4.82679440561e-09 
9.21050750787e-07 8.61907610639e-07 -1.13091540308e-06 -1.66180578889e-05 -1.84595124659e-05 3.27627116175e-05 5.36436675319e-06 0.000521362818071 -0.00156428656714 -0.000146910211534 -0.000552569302163 -0.00152099752651 0.000776595789448 -0.00278931377677 0.00165859618709 -0.00745214703526 0.000483989619182 0.000749622814251 0.000582675582499 0.000138727078271 -2.22144948187e-05 0.000735527157044 -0.00103902569002 -0.0143295004564 0.00182910617249 -0.0122824952908 -0.148331836301 0.0507457220441 0.644319991984 -0.197952316598 0.261929166636 0.00317521863369 -0.0842573005263 -0.275741191566 -0.509376489547 0.105689608952 -0.0331877368281 -0.00769950040253 0.306411580256 -0.0103457543015 -0.00870607928531 0.0376949982293 0.00859958868205 0.0332539029926 0.00908101634436 0.0181797943941 -0.00331694276517 0.00164480457092 0.00321442895892 -0.000506825432011 0.00050043855487 -0.000461483696436 -0.000608638380769 -0.000483913846905 -0.000155021325264 1.25304426142e-05 -1.29280733988e-05 -5.51282296079e-05 -5.02472124585e-06 4.40432390736e-07 -5.85945956559e-06 3.1471949282e-07 1.62330300587e-05 -3.1708075273e-05 6.03678363126e-07 5.20457127972e-07 1.29329697089e-07 7.02169712781e-05 -2.49645477185e-06 -1.07640391185e-06 7.27801738487e-07 2.48336433418e-07 -3.76020830981e-09 -4.16010547715e-08 -1.32793176542e-08 -5.92893107101e-09 
4.11282673394e-07 5.11084742612e-07 -7.17930198681e-07 -4.86612644072e-06 -1.16053414138e-05 2.4589591061e-05 3.24607405191e-06 0.00024199959281 -0.000724116758944 -6.92665199552e-05 -0.000254477881068 -0.000712137494594 0.000359731809957 -0.00128324709649 0.000693109734377 -0.00347434062723 0.00023421149708 0.000190705206682 0.000274042845459 0.000347156035563 -5.22864286223e-06 -9.11573191871e-05 -5.16060501244e-05 0.0127067535773 0.0018907975525 -0.0961317279163 -0.110913649591 0.0651169583483 -0.181614497643 0.885832928195 0.139827010208 -0.0493714716411 -0.0470057016171 -0.235000437265 -0.239062408036 0.0397950944916 -0.00652536697394 -0.00402736907261 0.126053956915 -0.0257847565554 -0.00455362666648 0.0186762780415 -0.0292481773144 0.0158266902936 0.00462178445966 0.0087921393198 -0.00165216538272 0.000794328593932 0.00160401992381 -0.000248578066567 0.000243897444372 -0.000224116598576 -0.00029371100647 -0.000233716881075 -7.48516299042e-05 6.0494025773e-06 -6.24098735436e-06 -2.66165428646e-05 -2.42757817962e-06 2.12676600032e-07 -2.82861279158e-06 1.51654406606e-07 7.83644103328e-06 -1.53068930041e-05 2.9141027039e-07 2.51244388454e-07 6.24322370126e-08 3.38968607229e-05 -1.20514821478e-06 -5.19630473231e-07 3.51343765486e-07 1.1988341952e-07 -1.81473387387e-09 -2.00828415283e-08 -6.41067050967e-09 -2.86217526205e-09 
-2.92983550545e-07 -4.88122836099e-07 7.20715973316e-07 9.69648429441e-07 1.15701471489e-05 -2.73227504943e-05 -3.16468033737e-06 -0.000181391787626 0.000540980487532 5.17394337391e-05 0.000188534279032 0.00053935913216 -0.000268936630325 0.000951118964371 -0.000442691387261 0.002619791408 -0.000185290297794 3.08561704029e-05 -0.000204211701915 -2.7414576996e-06 1.15527214091e-05 -3.14955070699e-05 -5.18361778763e-05 0.0040368105524 -0.000366272267776 -0.00535753749002 0.0149003276599 0.0302931279276 -0.109437499455 -0.0660398160613 0.92679365652 -0.194927531452 0.0461839148203 0.185997132521 0.155575588639 -0.0418618133726 0.0232055453307 0.00223778992036 -0.14093585487 -0.0201512703629 -0.00114416576443 -0.0138554975728 -0.0406481766186 -0.0114330992127 -0.00316137993412 -0.00638148556471 0.00117845336045 -0.000550613124098 1.76331363614e-05 8.60571058015e-05 -0.000130452436227 0.000114621423886 0.000210935266603 0.000163404566131 5.25402744503e-05 -4.27466150853e-06 4.4260102559e-06 1.877703076e-05 1.67594629281e-06 -1.49999936562e-07 2.0103913189e-06 -1.13336616042e-07 -5.56860431176e-06 1.08791838e-05 -2.06523816976e-07 -1.78629757551e-07 -4.43874962754e-08 -2.40914327458e-05 8.56538093017e-07 3.69251190175e-07 -2.4966857823e-07 -8.5194215954e-08 1.30359871123e-09 1.42691208641e-08 4.55306531866e-09 2.03382885535e-09 
6.00525805632e-05 0.000101856097842 -0.000150771332945 -0.000162079794644 -0.0024196525447 0.00574268944004 0.000660708248831 0.0373115109266 -0.111251027797 -0.010667536725 -0.0387573045639 -0.111022898203 0.0553093084004 -0.195490619048 0.0900798437476 -0.539071383283 0.0382223904478 -0.00818130339206 0.0420146915496 0.0130951891986 -0.00218219044326 -0.00187639459442 -2.35573527732e-05 -0.000412149424874 -0.0016206027057 -0.000578009302708 0.000713720981448 0.00157749126197 -0.00201282867139 0.00176831172906 -0.0109910947469 -0.0262269766377 -0.000677325091211 0.0432375514575 -0.039081315153 0.0405293246036 0.154130678467 -0.675543753108 -0.0415774439099 -0.0259612075253 0.000175398720099 -0.00416418518381 0.0567988390494 -0.0181514493017 -0.0324394061822 0.0173053050961 -0.00647385789513 -0.132610420073 0.00287152144201 -0.0014363910721 0.00996403536781 0.000711681008202 0.00783322025798 -0.00280170922043 0.337012361014 -0.00874962469735 -0.00364010948305 0.0223610482281 -0.0153528906567 0.00559741178269 0.0263951363705 -0.0492147707347 -0.00524864176232 0.00777474182448 -0.0049812219255 -0.00169147345688 -0.00181044817879 -0.00121518940305 0.0018650853849 -0.000135999898099 -0.000340212077553 -9.14399296071e-05 -8.10595846094e-05 -0.000158149420986 -0.00024735452915 -4.54353261565e-06 
7.55084379169e-05 0.000128070925701 -0.00018957551527 -0.00020379576957 -0.0030424012793 0.00722068965345 0.000830754988368 0.0469144466556 -0.13988391845 -0.0134131120271 -0.0487323610038 -0.139597070547 0.06954437214 -0.245804424176 0.113263957944 -0.677813202734 0.0480597412256 -0.0102865318386 0.0528281273791 0.0164742576703 -0.00274361909224 -0.00236500197026 -3.49501286566e-07 6.84495123954e-05 -0.00208388812473 -0.00287069174921 0.00121053755595 -0.00383098612426 0.000439245497683 0.000283685272295 0.00858951392056 0.0180959384542 0.0141277349166 -0.0230052352039 0.0363603156945 -0.0134942489085 -0.0767127101169 0.63231122345 0.0275618469814 0.0152926377379 0.000947626436151 -0.00104843809064 0.000174668129896 0.00376585357782 0.00515586450434 -0.00208328413516 0.000338162705735 0.0218638293375 -0.000852208658996 0.000263467667552 -0.00165816964446 -0.000109931301643 -0.00128866696871 0.000467483771546 -0.0558421445469 0.00144937880274 0.000603295938484 -0.0037045931824 0.00253905730916 -0.000927239165828 -0.00437357259167 0.00815397210956 0.000869509442195 -0.00128772043285 0.000825038692208 0.000280255153231 0.000299987864179 0.000200152520369 -0.000308994680829 2.25474388047e-05 5.63643944454e-05 1.51482471075e-05 1.34329206521e-05 2.62053197139e-05 4.09865399536e-05 7.52942536611e-07 
1.34972927645e-06 2.28975964698e-06 -3.38947398155e-06 -3.62627941097e-06 -5.43967253095e-05 0.000129098753441 1.48470727792e-05 0.000838651542345 -0.00250055241562 -0.000240385245592 -0.000871291462864 -0.00249545595097 0.0012431808453 -0.00439399993945 0.00202483235373 -0.01211662217 0.000859027869194 -0.000181629556959 0.000944843565537 0.000381201335252 -4.65556159186e-05 -0.000115964965025 -0.000195199718658 0.00569181305359 0.000523762613328 -0.0279048301693 0.00686443298546 0.0535533399601 -0.00650635284354 -0.00713620127582 -0.0795874923042 -0.360703823466 -0.623598510224 0.21606565926 -0.161662756386 -0.573947458858 -0.0407048782897 0.00335098491811 0.0379089307843 0.194339984735 0.140723210863 0.0166185536901 0.000367269421783 -0.0617123597731 -0.0178957093271 0.00320992115679 -0.00127176382253 0.00799641200265 -0.0337417318894 0.00743999308283 -0.0106816446934 0.00354677021739 0.0317638572734 0.0286479257189 0.00786810490654 -0.00117098595856 0.000652003358344 0.0030506914832 -0.00656738517152 0.000327619162152 0.000243887874959 -0.00117464116223 -0.000699179053866 0.00161932921287 -0.000502910781762 -4.11828103378e-05 -4.27840842988e-06 -0.00358955965476 0.000133819245082 4.68895046596e-05 -3.13976247164e-05 -1.12650486605e-05 2.11928095183e-06 1.43250679875e-06 7.63119003326e-07 2.83102489396e-07 
1.99565350246e-05 3.38486255558e-05 -5.01040608478e-05 -5.38659810285e-05 -0.000804093945574 0.00190840686875 0.000219569413888 0.0123992700357 -0.036970690745 -0.00354460159565 -0.0128796311926 -0.0368948768835 0.0183802571111 -0.0649649660715 0.0299348064133 -0.179142996886 0.0127020656666 -0.00272094580494 0.0139619170687 0.00429172638009 -0.000726835329165 -0.000573607784631 1.03750397881e-05 -0.00411200858201 -0.000671726297655 0.0179562572029 -0.0038551390338 -0.0104572073217 0.00410065510194 -0.000743097084568 0.0219409221086 0.116658691518 0.0118212300104 -0.048497714456 0.0325318154712 -0.107210183727 -0.165139448478 -0.358705961272 -0.0110260718263 0.0275388307887 0.00468905931867 0.0137878942049 -0.176083367501 0.0321901945106 0.0743285048334 -0.0446318701005 0.0179898449263 0.309239216484 -0.00788004464033 0.00378569729815 -0.0238956152269 -0.00140693074052 -0.0161365655285 0.00841261551619 -0.783427842677 0.0202775781647 0.0085106271386 -0.0518147687566 0.035306275676 -0.013000302583 -0.0613837852025 0.114409502871 0.012163057482 -0.0179793798283 0.0115558239658 0.00393202882321 0.0042111480756 0.00259156818079 -0.00432978433118 0.000319460455249 0.000789319263033 0.000211963227358 0.000188691893672 0.000367980883808 0.000575441957115 1.05877121074e-05 
-2.35440035422e-06 -3.99370522671e-06 5.91170000324e-06 6.33916688962e-06 9.48747648079e-05 -0.000225165124369 -2.58995494497e-05 -0.00146286196886 0.00436174769496 0.000418895713323 0.00151970234682 0.00435282952589 -0.00216848915365 0.0076645067417 -0.00353191797591 0.0211351045675 -0.00149846267621 0.000318208315343 -0.00164777202171 -0.000605433859241 8.28537878177e-05 0.000151480741201 0.000201309286365 -0.00602893843105 -0.000492418824822 0.0306063819283 -0.00673040798241 -0.0584310307595 -0.00467527696073 0.014858122782 0.154946509653 0.7190217732 0.10854169141 -0.178540259842 -0.00292130432229 -0.559729073259 0.0255805821171 0.0040147998953 -0.0330095930417 0.161503232416 0.149201967797 0.0138387323434 -0.0386855291949 -0.0810574788737 -0.0357863476863 0.0108598935345 -0.00489926579575 -0.0543516715993 -0.0380264908678 0.00782587337554 -0.00737073016088 0.00441482593359 0.0395645455398 0.0309873426006 0.169227971391 -0.005483391815 -0.000996239429154 0.0140812597619 -0.0147027239723 0.00303226090256 0.0128340042071 -0.0247395108096 -0.00328644248 0.00552636847487 -0.00293665001079 -0.000851238960389 -0.000866236468484 -0.00462846469693 0.00103838478392 -1.17855518309e-05 -0.00019730979929 -5.62203191165e-05 -3.61800834497e-05 -7.3629244309e-05 -0.000116829460082 -1.84232186977e-06 
-5.15069474074e-10 -5.10952549261e-10 6.62339138369e-10 -2.45814498105e-09 1.23120696732e-08 -6.2453301185e-09 6.25658267051e-09 -3.12773325895e-07 8.87040788637e-07 1.02909238333e-06 5.63030205316e-07 8.76724212523e-07 -4.58101975844e-07 1.65628201785e-06 -1.63923433645e-06 4.22012469814e-06 -7.73648922623e-08 -5.39464392106e-06 -1.03165946461e-06 -0.000142195904997 -3.78069097964e-06 0.000114639635012 -6.24067141212e-05 -0.00943963207814 -9.95907456986e-05 0.0412168694609 -0.00929553669952 -0.000762696855898 0.0113677275061 -0.00418405772277 -0.02930393041 -0.0113060274556 0.0270490460288 -0.0502067401381 -0.425804034476 0.130728794864 -0.281051325933 0.0260212303181 -0.792432192538 0.181243008479 0.0328263652305 -0.0272130867851 -0.0499531745729 -0.0703102472409 -0.0426286611262 -0.193164712946 0.0164777957589 -0.00146158938379 -0.00762428112967 0.00857760238438 -0.016113020165 0.00365857768311 0.0479066946984 0.03629835504 0.0438731372701 -0.00247844913786 0.000554517355714 0.00641846392723 -0.0112082977534 0.00104126034612 0.00302307923939 -0.00667180303555 -0.00157983694411 0.00321097930691 -0.00123296544494 -0.000231593906171 -0.00018876712157 -0.00550557264779 0.000387965125986 5.67648360366e-05 -8.14779351515e-05 -2.61359850725e-05 -5.02552924185e-06 -1.37935429232e-05 -2.3777846741e-05 -3.17720102444e-08 
-2.30842116243e-09 -4.13113326605e-09 6.17162534871e-09 8.80194364291e-09 9.80074181766e-08 -2.46706628409e-07 -3.26760195511e-08 -1.43821455337e-06 4.31656615889e-06 -1.71213698542e-07 1.34674258363e-06 4.31414503151e-06 -2.1355760432e-06 7.5258341628e-06 -2.96281884818e-06 2.09546364657e-05 -1.62255482731e-06 3.50260631837e-06 -1.19460117453e-06 8.73652821099e-05 2.45600793615e-06 -6.55893060454e-05 4.1105056013e-05 0.00585219457427 6.29042128353e-05 -0.0261343428645 0.00492619499503 -0.000140960220649 0.00695230984234 -0.00642984487916 -0.0235159393916 -0.00254306855037 0.0134328804323 0.0221263928626 -0.176925101888 0.0648460411079 0.866576375831 0.100918787719 -0.168796202492 0.231251479816 -0.0292288484198 -0.0922731475049 -0.145460607396 -0.10640172075 -0.0325408881968 0.163764542815 -0.0190692425112 0.0911214969005 -0.0025408451678 0.00926634192432 -0.0206657041063 0.00393572585023 0.0566259161189 0.0544866434457 -0.182082177988 0.00289677984048 0.003358395005 -0.00731042818043 -0.00379645436213 -0.00263016827512 -0.0149266464939 0.0264306327032 0.00171507702357 -0.00141231517948 0.00193328083996 0.000906976832714 0.00104774312467 -0.00621313711942 -0.000829852371525 0.000169595492761 0.000137970188141 3.16299851811e-05 5.13950481943e-05 9.49739925934e-05 0.000145736605892 3.19613553867e-06 
-1.32508461071e-09 -2.0010205685e-09 2.89948377114e-09 1.68499162637e-09 4.75786902416e-08 -9.84198350091e-08 -7.03753015102e-09 -8.17250969799e-07 2.4090081303e-06 8.11687470172e-07 9.96024674383e-07 2.39899144644e-06 -1.20831634069e-06 4.2954159015e-06 -2.56121744518e-06 1.16130939252e-05 -6.87433659125e-07 -3.37271465534e-06 -1.33586534758e-06 -8.64942451888e-05 -2.2698477502e-06 7.55644203103e-05 -3.6632680566e-05 -0.0057185779424 -5.48174371422e-05 0.0248459483411 -0.00631234798014 -0.000953682171697 0.0239665876984 -0.017556956143 -0.0123947116141 0.0146125853333 -0.104134843426 -0.137251959697 -0.0997352024151 -0.274421699135 0.163609348831 0.0391786534243 -0.295789041 -0.73910302167 -0.136819012193 -0.141118336843 0.249052889499 0.0755749085222 0.107297886368 0.118088933185 0.00541355260436 -0.0474336489858 0.0309431736717 -0.0296174081011 0.0605717475975 -0.0113234396217 -0.183667160509 -0.176986767086 -0.0940819507608 0.00796176971905 -0.00292970953442 -0.0212947354088 0.0763722883074 -0.0045832044855 -0.00505262970782 0.020312790445 0.00405711806319 -0.0103556630301 0.00623126065374 0.000547666246406 0.000274344394743 0.0205662883515 -0.00107517384737 -0.000208464128436 0.00019675460576 6.94595334403e-05 -1.0212529795e-05 1.46965171065e-05 2.97677972583e-05 -7.49520143077e-07 
8.68135302348e-11 -4.60135819776e-11 1.17814105145e-10 1.596856619e-09 1.02393652262e-09 -1.43347571532e-08 -5.21700469915e-09 4.97110130137e-08 -1.24937848765e-07 -4.96487165954e-07 -1.73995327151e-07 -1.20011382073e-07 7.08946641794e-08 -2.70124716149e-07 5.80343357686e-07 -5.6340273114e-07 -7.40987222127e-08 2.8144864001e-06 4.04686218839e-07 7.27721537697e-05 1.94409174811e-06 -5.915107846e-05 3.43755824131e-05 0.0048321656016 4.62180399733e-05 -0.0210675803646 0.00468780970049 -9.25710828423e-05 -0.00483025645538 0.00276139653533 0.0124089826592 -0.000106825808489 0.00876624889117 -0.0193926394686 0.00923686006294 0.00158021752259 -0.0394188358516 -0.00876055905483 -0.0275366406843 -0.103289666873 -0.015032011556 0.032709212272 0.34258189231 -0.0117913341241 0.00444379830327 0.187835099012 -0.04929045744 -0.00805982008091 0.0104697766063 0.121752260276 -0.136204994677 0.0396252187765 0.873455896415 0.0800906693171 -0.0958132587113 -0.00344941680859 0.0149199579962 0.0321058362749 -0.0143484585204 -0.00189296816882 -0.00183717617512 0.0154449986838 -0.021995299179 0.045145558041 0.000190200251688 -0.000408442545578 0.000405073306728 -0.106335244766 0.00303888843379 0.00156965396896 -0.000963935162837 -0.000342205561969 4.67564191982e-05 6.24698319768e-05 8.40413232436e-05 1.15478035223e-05 
1.94658262254e-10 3.64303271908e-10 -5.47926359167e-10 -7.90744975687e-10 -8.6480697733e-09 2.25385346089e-08 3.18665858397e-09 1.21780962721e-07 -3.66969460791e-07 4.55135824829e-08 -1.06069053547e-07 -3.66991648885e-07 1.80968105988e-07 -6.36218537727e-07 2.13849341596e-07 -1.7860910693e-06 1.45522939461e-07 -5.11654981656e-07 7.93740337795e-08 -1.19244912594e-05 -3.28982879572e-07 1.02065820634e-05 -6.63896954952e-06 -0.00079605603632 -5.65523934905e-06 0.00346967024989 -0.000863349189126 0.000389022726538 0.00416249355279 -0.00321952728649 0.000799398511075 -0.0176392675826 -0.00572402588679 -0.0462545323915 0.0259650500583 -0.00560391574954 0.00260516976154 -0.00235480915894 -0.0103379199807 0.0229783780315 -0.0539472917713 -0.00217390885403 0.00555708496753 0.0252133684287 0.00528340214525 -0.0019600177916 0.00145198317723 -0.0818189161156 -0.240316536417 -0.834630735499 -0.204854952595 0.428225464595 0.0623381741053 -0.00792399614058 -0.0249660833608 -0.00643143458283 0.0251789457717 -0.010382415348 0.00466966458793 -0.00428436309123 -0.000240224645249 0.0015789824484 -0.00130870228044 0.00572589153784 0.000491467466155 -0.0140404236065 0.0152387420541 -0.0123742895848 -0.0010201894031 0.00745484081894 -0.00401245420267 -0.000271593089693 0.000395073189995 -0.00381800802122 0.00244789049171 0.000505716759088 
3.1550830034e-09 5.73154964747e-09 -8.57977997226e-09 -1.1035304254e-08 -1.36132650944e-07 3.44844021232e-07 4.60128197212e-08 1.97028620664e-06 -5.91580998124e-06 2.94801447585e-07 -1.82797627172e-06 -5.91183016144e-06 2.9252543903e-06 -1.03016411091e-05 3.87083289862e-06 -2.87578580594e-05 2.24024353979e-06 -5.7396074199e-06 1.60416479513e-06 -0.00012622069671 -3.53590206793e-06 0.000112229500539 -7.52317793488e-05 -0.00844505296581 -4.84011859526e-05 0.0367019877622 -0.00981379286731 0.00595176315003 0.06501485877 -0.0512381091174 0.0185775266283 -0.275802138382 -0.0892124771285 -0.748118514706 0.421587874668 -0.0492221034407 0.0554046149836 -0.0364253960382 -0.141979711695 0.245215179498 0.0404641929326 -0.0558668190987 0.235306199339 -0.0660704129617 -0.0235926064676 -0.0498258506366 0.00234120672887 0.0224928076394 0.001035989219 0.0401998881875 0.0145799172602 -0.028832387792 -0.0782109704795 0.0741977439898 0.00261756404272 0.00125059956809 -0.0017006713784 0.000668341298418 0.0134407934737 -0.000620062136465 -0.00229083773566 0.00495984094169 0.00241223908776 -0.00527892470945 0.00103870946654 0.00106168309458 -0.00077997343514 0.0107073441277 -0.000408751925537 -0.000566690913438 0.000353162599059 5.44402149158e-05 -2.3264161012e-05 0.000238787032707 -0.000130968676317 -3.08918822616e-05 
-5.74199927822e-10 7.03363901015e-09 -1.24955524394e-08 -8.69800534232e-08 -1.62928066469e-07 8.99387624004e-07 2.59028174104e-07 -2.00610523403e-07 -4.21804952354e-07 2.10974048512e-05 5.53440295925e-06 -6.33622551951e-07 -1.70382623605e-07 1.42463761014e-06 -1.96437613491e-05 -3.63098808863e-06 5.21776977572e-06 -0.000118944045371 -1.55039314863e-05 -0.0031797729233 -8.53395529505e-05 0.00247327332345 -0.00146729406688 -0.211477436774 -0.0022049491238 0.932278562029 -0.192669781408 -0.0010736509199 -0.023241468786 0.085077874432 0.00783997953229 -0.0342765747492 0.038570742411 0.0871792237763 -0.0407750191488 -0.00837283596578 0.0288563295102 0.00718798406064 0.0593781798138 0.0549556969881 -0.00410175993102 -0.0211585189191 0.137344269466 -0.00316556142302 -0.000931573363971 0.0122976829964 -0.00182587163065 0.0117460746816 -0.000122597257186 -0.00352729375283 0.000738919120928 -0.00189238810341 -0.0238112375003 0.0315836420319 -0.0207352896833 0.000530636644257 0.000242517479839 -0.00107859428758 0.00538114915057 -0.000659215825042 -0.00257125019751 0.0050086455575 0.00111719467395 -0.00213025786421 0.000673592425997 0.000191258831715 0.000162024657592 0.00329815455093 -0.000279953028233 -3.25506979205e-05 6.12774301887e-05 1.86940748887e-05 5.62684034182e-06 1.51630822176e-05 2.10928990793e-05 -5.25846985235e-08 
-1.0292336182e-09 -3.28163667076e-09 5.25338908624e-09 1.77108057471e-08 7.73695530786e-08 -2.78819978771e-07 -6.06563987696e-08 -6.7252631074e-07 2.19195125317e-06 -3.67226671135e-06 -2.81487386026e-07 2.22542313743e-06 -1.01949437371e-06 3.4475664993e-06 2.03184165473e-06 1.09489162375e-05 -1.68860147142e-06 2.26220615437e-05 2.03858440488e-06 0.000582146348644 1.56492785278e-05 -0.000469731144951 0.000280570133485 0.0387068902722 0.00036684559446 -0.169349147211 0.0374027248814 -0.00325322148804 -0.047245676487 0.0282545958494 0.0479496300414 0.133034349235 0.0569519440973 0.231513966545 -0.141446423969 0.0587664483526 -0.00644997330784 -0.0146897959793 0.0629722433075 0.268219988404 -0.0302646134701 -0.146664384566 0.798440489441 -0.0196279239222 0.00391081179915 -0.0253666279508 0.00651725316762 0.0676591863627 -0.00381805485941 -0.0458777974929 0.0270455441376 -0.0139709958266 -0.278304070273 0.142279093286 -0.13258288668 0.0044579977484 -0.000731327786176 -0.014492125301 0.041543625265 -0.00427165075641 -0.016141873816 0.0308173669103 0.010112465135 -0.0198831399321 0.0047304892703 0.00117726639939 0.00109411355675 0.0358539069157 -0.00222911206224 -0.000364956060412 0.000490516076591 0.000164043532191 3.11244393053e-05 5.76657696758e-05 0.000141491076946 2.0353035142e-06 
-1.52561634824e-11 -1.64966574704e-11 2.17163790483e-11 -1.9699040771e-10 4.10543454914e-10 -1.67213010549e-10 2.4530406783e-10 -9.49861408262e-09 2.65402906449e-08 3.85965099295e-08 1.88290093634e-08 2.60413135927e-08 -1.38138722592e-08 4.9925599337e-08 -4.64576048742e-08 1.28325367974e-07 -8.36555185955e-10 -1.58393782466e-07 -3.74302422234e-08 -5.4552747001e-06 -1.49187890859e-07 3.17558323035e-06 -1.8110234323e-06 -0.000365403897329 -6.10652306425e-06 0.00172509042178 -0.000214323126795 -0.000157359807585 -0.00227313222195 0.00213682083773 0.00620927117195 0.00274363515566 1.61720020189e-05 -0.00946022459312 -0.000274596065201 -0.00198575793772 -0.00483764337597 -0.00416403753049 0.0119169509534 0.0454900625725 -0.00583040314896 -0.12041548562 0.0786907822682 -0.00143516301722 -0.191190479515 -0.00440293929825 0.0745712953245 0.0117531925128 0.000185413838858 -0.000309067209499 0.0121390633709 -0.000520560543643 0.00726976716581 -0.446084731839 -0.0950444237221 -0.0604404580244 -0.012171640909 -0.0210911641676 -0.821117285155 0.134595897383 0.00587230144151 -0.158761471519 0.0122504034412 0.00516288502015 -0.0657880431068 -0.00158176648865 0.000832296957724 -0.00470832478125 0.00180483030817 -0.000407790767379 0.000570165245685 0.000148431713984 0.000204353875981 5.87949240043e-05 0.000136490188912 -3.04322899859e-07 
-1.12444632488e-11 -2.163899924e-11 3.31773188273e-11 3.04374188218e-10 4.87555075328e-10 -1.69890136715e-09 -3.95495987266e-10 -6.66679960714e-09 2.12767690898e-08 -2.53626349242e-08 2.43594188391e-10 2.16660827747e-08 -1.01400633858e-08 3.5339815127e-08 -8.12715936837e-09 1.00683803027e-07 -1.33460923121e-08 7.80874316603e-08 1.35298178226e-08 4.26223452482e-06 1.18826712189e-07 -1.258226939e-06 1.02719463613e-06 0.000288079937783 6.77717666946e-06 -0.00144566195324 1.60845474275e-05 0.000225263573364 0.00524150991493 -0.00458633933772 -0.00848624859011 -0.00618630746435 -0.00755763786127 -0.0060893665958 0.000118557923311 -0.0208279156486 -0.00181178959806 0.00494550079859 0.0039091657827 -0.184198432732 -0.00631544652492 -0.102087161634 -0.065040099747 0.0100723888318 0.020510430169 0.00132670123767 0.365242169241 0.0618392203018 -0.00900949449064 -0.0272065836772 -0.0768949689041 -0.0465247761407 -0.03554327958 0.660020228111 0.0400798886771 0.44404856278 -0.00294583728979 0.01392570165 -0.379857896899 -0.139863925524 -0.011531362872 -0.0562006865326 0.0117165607721 -0.00776004430581 -0.0245732934777 -0.00159659909995 -0.00140145504207 0.0128957439283 -0.000683054182913 -0.00136310744969 0.000419795161142 0.000103006112565 0.00011474226575 -0.000287793427798 -0.00025676903048 -4.60769234135e-06 
-1.78252410764e-12 -1.80247695733e-12 1.9445507799e-12 -2.17185189893e-10 6.48123744185e-11 2.44681373646e-10 1.79392109641e-10 -1.39756744284e-09 3.10197749154e-09 2.10280396851e-08 6.48611513681e-09 2.75558729797e-09 -1.86859773005e-09 6.93139568851e-09 -7.88573765775e-09 1.72596322105e-08 3.44544119339e-09 -5.0690813956e-08 -1.76060690433e-08 -3.23616992032e-06 -9.0258181462e-08 7.81529470295e-07 -6.09983251057e-07 -0.000218919262332 -5.59590491935e-06 0.00111571955102 8.51697724534e-06 -0.000217957689207 -0.00445314727854 0.00389817571889 0.0072612536571 0.00621325044403 0.00538896531913 0.00582163232833 -0.000592798817603 0.0150880627483 0.0323094179126 -0.000128808117349 -0.00320872243101 0.172490706727 -0.00247200580217 0.109109414748 0.053701673601 -0.012090913936 0.354208306215 -0.0125464692029 0.459676583024 -0.0969429498941 0.0064164969669 -0.00962561973467 0.081071504405 -0.0214294524397 0.0824251837412 -0.443039769878 0.00789868863175 0.591555241963 -0.0048445386201 -0.0250721580369 0.174823240692 0.122976771206 0.0115234216029 0.0110983785503 -0.00830618169354 0.00907917874661 -0.0169498776109 -0.000471608704437 0.000725254254751 -0.0152301429743 0.00104798038055 0.000788359660083 -0.000436896108717 -0.000111059382615 -5.38456919519e-05 -9.03851241249e-05 9.22020517537e-05 1.47406457174e-05 
-1.63977339674e-13 -1.76827342824e-12 3.16573679326e-12 9.93447804308e-11 3.27884019752e-11 -2.99868624069e-10 -1.13858930877e-10 -6.86480068072e-12 5.6987317037e-10 -1.08004213107e-08 -2.6532371903e-09 7.30003261002e-10 -1.06419634923e-10 1.42860497594e-10 4.17518642362e-09 2.0790366896e-09 -2.61142572745e-09 3.50851384959e-08 8.25237022596e-09 1.67528773313e-06 4.64412853089e-08 -6.20104757937e-07 4.23908410761e-07 0.000112939423841 2.48595443954e-06 -0.000558889762967 2.19307255979e-05 8.37089604355e-05 0.00170383844087 -0.00150473433452 -0.00301088211985 -0.00219034920956 -0.00196701288266 -0.000891525017153 0.000197313527242 -0.0059265103588 -0.00106927101647 0.00179354592796 -0.00388900935886 -0.0662363840803 -6.89025786316e-05 0.00439490991967 -0.017076562263 0.00337428530444 -0.0198136123887 0.00179538685423 -0.0157735151425 0.161402566234 -0.020285296325 -0.0420031263513 0.102579594915 0.00437749728655 0.00847831164432 0.206505516276 0.0465680252715 -0.0018282922854 0.00950787895777 0.0293653369571 0.0430981092345 0.948798747508 0.000706311293924 0.0108378907131 -0.000323586702714 -0.00148854232972 -0.0869396175694 0.00546945230383 0.0121749091282 0.000434010969309 0.000581054720973 0.00434137645785 0.000455139422041 0.00022067985159 0.000105760676907 0.00112890693972 0.00186068506587 5.27764465844e-05 
-1.5041856936e-19 -4.32299911386e-19 6.96261471633e-19 7.24086840725e-18 9.70194136658e-18 -4.18213586839e-17 -1.08612329105e-17 -9.02555132026e-17 3.13773691642e-16 -8.35636934882e-16 -1.20668179702e-16 2.93999118497e-16 -9.54158798652e-17 -3.42548791552e-16 7.20039770354e-17 1.14079488245e-15 6.46469546473e-15 -3.86623598381e-14 -1.73262301202e-15 -4.20756750941e-12 -3.94208380358e-13 1.71469142708e-11 4.51730554404e-10 -1.48092396489e-10 -3.72568047842e-10 2.91994856447e-08 1.05983544492e-09 -1.04488141354e-07 -6.28828414549e-08 -8.9503464082e-07 2.52681726514e-07 5.65642683811e-08 2.1486379773e-05 -9.11588755156e-05 -0.000164641593768 0.000294768001307 -0.00763757188596 -0.00110683792125 0.00667716613743 0.0012364499513 -0.000450380960342 -0.0631838068366 -0.00815746210125 0.000728642242905 -0.0106375815272 -0.000608521190594 -0.0109682134244 0.0414544425222 -0.0046769468221 -0.00359736590855 0.0203335169698 -0.000436315858226 0.0138593180351 0.0263201988314 -0.117933231413 0.00924264078662 0.0158852300846 -0.0215571788988 0.197830891778 -0.00924555910779 0.0411017946948 -0.964489223455 -0.0218989377961 0.0324176322458 -0.0305378301728 -0.0395679827993 -0.0340080650053 0.0110631048099 0.0342926909077 -0.0103805470729 -0.00581064747651 -0.00234438936082 -0.000610795071095 -0.00537488509098 -0.00521228256645 0.000171578605835 
5.44163734582e-14 2.17942210572e-13 -3.34704518753e-13 9.04403228411e-12 -6.19577984659e-12 6.49444047013e-12 -3.27791288019e-12 5.21800405655e-11 -1.25535259007e-10 -5.68461973467e-10 -1.84944227294e-10 -1.11280920456e-10 7.14497602239e-11 -2.70196266972e-10 -9.62681207981e-11 -7.65730546128e-10 1.47620372058e-10 -1.4050452027e-09 7.17594484714e-10 -4.76835495681e-08 3.76769625902e-09 -5.58401813662e-08 -2.40344209746e-06 -3.81873623509e-06 3.15433467348e-06 -6.32658485611e-05 4.20789849136e-07 0.000750757847423 0.000571412737284 -0.000630023332988 -0.00452927918773 -0.0273301395314 0.0309428084548 -0.00459767719771 -0.00645672564412 0.113239701505 -0.202711523044 -0.0164578111343 -0.0515395937413 -0.0148436850047 0.286036574147 0.00066747362266 -0.0315320893796 -0.456804848541 0.00609777742388 0.769023414077 0.0179864298024 0.000415019411128 -0.176532934829 -0.0019700025624 0.0352391195839 0.00427218120959 -0.155569864442 -0.0188239421218 -0.0161060229522 0.011119281191 -0.00293806715 -0.00824520583436 0.001039699886 -0.00195853852277 -0.00211815427795 0.00126590445302 0.00437854193581 -0.00869413755536 0.000157124728026 0.000607699877309 0.000126667794143 0.0189083408474 -0.000673184932575 -0.000219081212023 0.000250428427332 7.93188244511e-05 -3.21667348638e-06 0.000101309243683 3.07520979497e-05 -6.09498732156e-06 
2.89606459252e-15 1.13175594434e-14 -1.66431346114e-14 8.29102518257e-13 -3.58232878735e-13 -1.33822695743e-13 -4.44489249438e-13 3.28214867515e-12 -6.63239424828e-12 -6.01402222957e-11 -1.74908566103e-11 -5.34628899772e-12 3.09169783156e-12 4.67300405775e-12 -2.00671272162e-12 -3.85349801236e-11 -1.68037454471e-10 9.38515122636e-10 5.2218284967e-11 1.1389344593e-07 -7.18879834569e-10 5.99092327035e-08 1.96224592329e-06 7.65245801625e-06 -2.13004792411e-06 2.4103514442e-05 -3.88793274665e-05 -0.000564288213726 0.00066216669384 -0.00020362132966 0.0035874723816 0.0176723456231 -0.0243542068555 -0.018781342516 0.00163528432413 -0.116233994518 -0.142315223425 -0.0162255166951 -0.0654153270204 0.235911028963 -0.678014549525 0.0315946677942 -0.0780174326049 0.194034240847 -0.0281565015894 0.438806000882 0.00571866385894 0.0295875731267 0.436929624602 -0.0860462396518 0.0151678829444 -0.00904983214345 -0.039969156449 0.0348099994927 0.0655330431772 -0.00294097185967 0.000521175290871 0.00365721470485 -0.0130099346789 0.000622020207816 0.00395886519674 -0.0103497953085 0.000670228217009 -0.00110924315445 -0.00156116232429 -0.00139198975859 0.000103359941834 0.0052225559754 3.89309180598e-05 2.28641966324e-05 -0.000200146426121 -1.90641224693e-05 6.38252924016e-06 -0.000323057086154 -7.82356612786e-06 2.25043976838e-05 
-4.79694649864e-15 5.06433109395e-15 -1.10357017521e-14 -1.86037848136e-13 -1.08016771249e-13 1.18305787366e-12 4.25103275665e-13 -2.80264629937e-12 6.44705641159e-12 3.99390470701e-11 1.2765738291e-11 5.90506181444e-12 -3.79153104355e-12 1.32187137391e-11 -3.86747528061e-11 2.85714840898e-11 2.27324945701e-11 -2.96117504184e-10 -4.11957420146e-11 -1.63139375613e-08 -3.01517676222e-10 7.09747124995e-09 1.36730014111e-07 -8.33313356692e-07 -1.78148400783e-07 2.81048415245e-06 2.74336957505e-06 -7.52237481678e-05 -0.000371191631615 0.000278881556134 -0.00030875120382 0.00491257558498 -0.00548144648122 0.00708275020582 -0.00154186896378 -0.0493420364713 -0.0219242270864 -0.0022231437709 0.0997837477342 -0.070874569752 -0.538182779628 0.0135679352161 -0.0151339315738 -0.75825203904 0.0043432583381 -0.277241027513 -0.00801723687464 -0.0166902664393 -0.166980927584 0.0884012174836 0.00593248015575 0.05662888744 0.0253162884257 -0.00014036903788 -0.0113081145423 0.000400475775915 -0.00417321273771 0.0011936701743 0.000351291528103 0.000528589846423 -0.000149978296068 0.00125304348649 -0.00120930565728 0.00135207583796 0.00022414684867 0.00442080846051 0.00157561441158 -0.0032558503936 0.000438521276973 0.0011981709199 0.000376813694883 0.000110955262345 -1.62210233303e-05 0.0011024904263 0.000482218917729 -2.90812211129e-05 
4.78148603169e-16 -1.17981314806e-14 2.00127097908e-14 -2.38776339367e-13 3.12347468141e-13 -9.69555567642e-13 -1.26150554424e-13 -5.16631551229e-13 1.50586380545e-12 -1.53365133776e-12 -2.1211784273e-13 1.26848227804e-12 -8.42695367037e-13 5.1020449427e-12 2.59895382194e-11 1.54081612704e-11 -3.26196027182e-11 3.03547891966e-10 -5.0348179072e-12 2.02753763596e-08 -1.02839556552e-10 4.9077135983e-09 2.37537833946e-07 1.23700253153e-06 -2.40365669404e-07 5.76964856286e-06 -6.6904731184e-06 -6.52777665173e-05 0.000282998230308 -0.000203479999156 0.000780324624349 0.00207055592871 -0.00569272058011 -0.00642383265729 0.00065684734238 -0.0311946998559 -0.0195692416515 -0.0031374043665 -0.0444388833396 0.096889397512 -0.306508141427 0.0145643118362 -0.0189450767575 0.369379500291 -0.0131179111812 0.137554358286 0.00354501308557 -0.05540291229 -0.804935887577 0.283692657536 0.0309556946399 0.0471937807358 -0.0409163542562 0.0170120375437 0.0102821832092 0.00842659232599 -0.0119143961589 0.00261098827785 -0.00597503730134 0.00173115336977 0.000891689340759 -0.00247196621601 -5.33202265374e-05 -0.00212043987792 -0.000543034454519 0.00951967149242 0.00078751277212 0.00538055995278 0.000704574029976 0.00103742243071 0.00124476019054 0.000258954686234 -8.32281666322e-05 0.00241175300794 0.00053165774974 -0.000115488709093 
7.47695047483e-20 -4.44257392384e-19 7.53038337647e-19 -2.10241570056e-17 1.30249098956e-17 -2.58061942395e-17 2.4703294852e-18 -5.18291303599e-18 -3.1005300651e-17 7.76296680523e-16 1.7315084873e-16 -5.20250494544e-17 5.17083211183e-17 -8.88405534769e-16 1.2183133594e-15 8.60936348682e-17 6.66576690806e-15 -3.04159299165e-14 -2.71927507482e-16 -4.608755809e-12 5.1057736096e-13 -2.05730667728e-11 -6.24026676222e-10 -2.9111211591e-10 4.40532888921e-10 -2.87332492284e-08 1.95811673603e-08 3.00799759275e-07 -4.35839017385e-07 6.67087200354e-07 -1.26049272525e-06 -2.00885910148e-05 4.50390875049e-05 2.63353912874e-05 3.331275178e-05 0.000156295248699 0.00152379195571 0.000236813310111 -0.00156095429542 -0.00261793328337 0.00481423559823 0.00556299167543 0.00319916527903 0.00158610077054 0.0229996835378 0.00188799020759 -0.000533803441459 0.0372601303086 0.0166426929868 0.0586984440703 -0.0758581111448 0.0854237079389 -0.071510382774 -0.00402304696465 0.0295676482302 0.00258884776388 0.203298698722 -0.0851887482526 -0.00394603149683 0.00844347958727 -0.0732838279007 -0.0363624609792 -0.114375060897 -0.0324183591963 0.0074393483701 0.0685834157063 -0.077682363747 -0.420193477584 -0.836715647204 -0.0999444641877 -0.0836933597038 0.00991112009857 0.0133437782734 0.0254570635637 -0.0177666923506 0.00573323415395 
1.59003795016e-18 -2.27616012419e-18 3.16643864312e-18 -7.08049753286e-16 1.28589495783e-16 5.41065376609e-16 4.22667836355e-16 -2.33029127914e-16 -2.00584883961e-15 5.04103206783e-14 1.22273385707e-14 -2.58246163914e-15 6.26130642544e-16 -7.75990688319e-15 9.47172303852e-15 1.6051786605e-17 6.61477743271e-14 -2.98417659871e-13 -2.28725031111e-15 -4.61567364284e-11 6.37294567175e-12 -3.00903819301e-10 -8.32765874531e-09 -5.25415514369e-09 7.4575370708e-09 -4.31453025125e-07 9.44185143705e-09 1.94956322318e-06 6.62138883145e-07 1.26548067642e-05 -6.33377501726e-06 -7.28973756049e-06 -0.000320899249218 0.00132693212751 0.00235260103258 -0.00722073685715 0.10998767878 0.0162176190101 -0.0923333084559 -0.0546278602496 0.00351374765668 0.859674117196 0.137751836164 -0.0083516401806 0.12903616949 0.00264992792946 0.251579361651 0.0800401730075 -0.004103712933 -0.0146994040897 0.00129017980873 -0.00360724235077 -0.0828556202385 0.088010162689 -0.0185973632812 -0.298562986183 -0.0111005357528 -0.025837592366 -0.134406507236 -0.0240179814797 6.32835267418e-05 -0.085196613045 0.00535617070697 -0.00301267571868 -0.0083530171816 -0.0035116396259 -0.00379119373599 0.0173977488438 0.0118976249712 -0.00113525475881 0.00114486639884 -0.000220048111625 -0.000201420360324 -0.000607954027984 -0.000604945705573 -0.000106719112949 
-2.27524868913e-20 2.91372713803e-19 -5.08769761345e-19 8.02221289984e-19 -7.20398609897e-18 3.14739906712e-17 7.36810475555e-18 -9.74729015067e-19 -2.04660582033e-17 5.08209018948e-16 1.30593611508e-16 -2.42008824812e-17 3.80389953596e-17 -6.93263986249e-16 -7.35850701449e-16 -3.87483119685e-16 5.72694766334e-15 -3.30228019943e-14 -6.83724908681e-16 -4.0404935226e-12 7.01194587182e-13 -2.32060631758e-11 -8.34128518356e-10 -5.62960941706e-10 5.85878907549e-10 -2.77004157976e-08 5.02042750357e-09 2.21931473825e-07 -1.06122406567e-07 8.66396475521e-07 -4.84303655644e-07 -4.30008191312e-06 -2.26842062616e-05 8.08806863621e-05 4.86843709023e-05 -0.00521964528927 0.00581333540604 0.00130200206789 0.0177110049559 -0.0793833861947 -0.000783716739378 0.0796448034205 0.0354527524593 0.00358695984379 -0.854886981686 0.00126687826176 0.393875535472 0.0854782996618 0.00286938838115 0.0115498016613 -0.0283898762719 0.0338129772 0.00319759430335 -0.103483996939 -0.0265734237529 0.077024996256 0.00510256015195 -0.00218402310632 0.262979523635 -0.0163574348841 -0.00160323895932 0.0575306770849 -0.00736581782293 -7.23590351735e-06 -0.00142016127194 0.00203829436999 -0.00109870475918 -0.0072332702624 -0.00980659896972 -0.000862071731165 -0.00108118040052 5.71837278315e-05 6.2414029913e-05 0.000454627391838 -0.000227210852569 5.23662569578e-05 
4.50596438558e-19 7.74543900049e-21 -2.676820679e-19 -2.22158261395e-16 2.27047191929e-17 2.49628032248e-16 1.51786574839e-16 -7.39010205385e-17 -6.91046009149e-16 1.71826856235e-14 4.19418009545e-15 -8.63145322279e-16 1.36629993668e-16 -1.16273036303e-15 1.19895874318e-15 -2.17496941888e-16 1.17566660398e-14 -5.45006521064e-14 2.73714157953e-16 -8.06889641788e-12 8.74655432827e-13 -5.48581663605e-11 -1.30249078234e-09 -9.7858124535e-10 1.48482700664e-09 -8.11386035128e-08 -1.79899252919e-08 1.50233068679e-07 6.64455115946e-07 2.46702783138e-06 -4.41201361239e-07 1.84806753866e-05 -0.000112655600775 0.000313464886029 0.000631467790785 -0.00409291140144 0.0265503408867 0.00420019633063 -0.0452665569643 -0.0378096239695 -0.00264462525574 0.382595369312 0.0662078304684 -0.00140578213431 -0.220255498227 -0.00196802972919 -0.645044451084 0.0494960079415 -0.0136742373533 -0.0460930743917 -0.0439249565366 -0.0845430942789 -0.0760905862052 -0.0443678613621 -0.0267258034684 0.584114317866 0.0377617408772 0.0926854913563 -0.0765078922843 -0.0104228281966 -0.000712982331946 -0.0259860691089 0.00425072651781 -0.00404840915034 0.00732626560714 -0.00657334897391 0.00616867146951 0.00701556499939 -0.00493807910794 0.00232278247226 -0.00200773346723 -1.62634084323e-05 0.000273673677352 -0.00169426246126 0.000940658578498 0.000254482366058 
4.80742303612e-21 -7.68391959654e-20 1.3484824003e-19 3.77356674994e-19 1.83919291934e-18 -8.96020091152e-18 -2.30832940415e-18 4.53190959487e-19 7.05257794514e-18 -1.75552455784e-16 -4.58243804557e-17 6.26178805031e-18 8.52553895444e-18 -1.7164270959e-16 1.8869313231e-16 9.19049070725e-18 1.2379477735e-15 -5.79058231153e-15 -9.51990974831e-17 -8.65136126192e-13 1.17510667991e-13 -4.14394225426e-12 -1.37308710552e-10 -6.40627796204e-11 8.61232165738e-11 -5.62682120682e-09 3.92677982536e-09 6.26237207635e-08 -9.05710624044e-08 1.37258743531e-07 -2.42474661624e-07 -3.97795750579e-06 7.91290114342e-06 5.0855667653e-06 1.32983445917e-06 7.49264016136e-05 0.000284571279601 3.43794897703e-05 0.00139427010218 -0.000254620454103 0.00084991319402 -0.0068613051466 -0.000884529399743 0.000215114099801 -0.000821078622634 0.000255062733778 0.0451208647136 -0.00196851130863 0.00268193334127 0.00497728068591 -0.000594878489155 0.0137359060148 -0.00486531413191 -0.00689207397229 -0.00886276349414 -0.00169089918628 0.0446087728529 0.215466871141 -0.049167817914 0.0872384127611 0.00277095379378 -0.0477221674525 0.0625900070123 -0.0109448582722 0.965622165825 0.00678265657624 0.0139770198765 0.00239492276363 -0.00842481330334 0.00232002561231 0.00317557374776 0.0013065302362 0.000949811465067 0.000963025065844 0.00237338454876 5.19432368233e-05 
1.53906052403e-20 -1.43885047649e-19 2.48911589808e-19 -2.43903483263e-18 3.76814618369e-18 -1.32559585807e-17 -2.18255135177e-18 -1.97422833139e-19 3.45977523619e-18 -8.63589590819e-17 -2.64263525635e-17 -2.10869031768e-20 1.45494269372e-17 -2.73666584204e-16 3.7088406628e-16 2.95373688322e-17 1.99336631638e-15 -9.12324977965e-15 -1.01320027813e-16 -1.37839977946e-12 1.56679669149e-13 -6.17706960724e-12 -1.8634725015e-10 -7.07468788664e-11 1.20320342229e-10 -9.07699265593e-09 6.93662790212e-09 9.79955881807e-08 -1.58411987997e-07 2.13776249561e-07 -4.37261608726e-07 -7.02352474589e-06 1.688485333e-05 5.75612081068e-06 5.80803665825e-06 0.000521961047494 0.000296847273187 6.24769476595e-07 8.82656354706e-05 0.00458123804318 0.00174801296902 0.00700569022723 -0.00300410825772 0.000163398017132 -0.0127877276549 -0.00150391886834 0.0045684951555 -0.0867092351275 0.00557722220477 -0.00282204325645 0.091146547157 -0.00186009503332 -0.0350664723936 0.0308551603979 -0.0536416769446 -0.00383711973443 0.18512156504 -0.000883389011379 -0.0312010932549 0.00364914837812 0.0211135630494 0.0357621354506 -0.855797167929 0.375602213416 0.0500903940783 -0.120703775289 0.124816294533 0.0298947141692 0.0873185566856 0.134688672913 -0.085453824526 -0.00168991037631 -0.01507990351 -0.0247123878796 0.0289936548226 0.00627192681186 
-3.3757685144e-20 2.66207336558e-19 -4.57546134019e-19 7.11369967689e-18 -7.23965931766e-18 2.16127137235e-17 2.26405370227e-18 1.23018361437e-18 1.67952511036e-18 -4.11318088679e-17 -1.76674688202e-19 1.00568333513e-17 -2.80752697321e-17 5.10912862325e-16 -7.00432783026e-16 -5.39114957394e-17 -3.76134759138e-15 1.72118653984e-14 1.67660707212e-16 2.59992740135e-12 -2.83783726685e-13 1.09399003341e-11 3.41303804805e-10 1.49331330928e-10 -2.26397459122e-10 1.51113553461e-08 -1.25828057957e-08 -1.80399237528e-07 2.86859906949e-07 -3.28724704099e-07 7.59873244142e-07 1.29913985402e-05 -3.15982145408e-05 -6.28674201388e-06 -1.61787380795e-06 -3.28442892e-06 -7.46395842663e-05 -3.48709851045e-05 0.000103499031261 0.00366296326262 -0.00313547470161 0.00464971234322 -0.00214825811939 -0.00286859783029 0.0169871634538 0.0120697212753 0.0134645390885 -0.172041499368 0.0390005655762 0.127252867898 -0.629467155134 -0.0532423041077 -0.109570699414 -0.0144361940156 -0.0742479779535 -0.00242577085781 -0.244451232312 -0.0704630705813 0.0262934968222 0.114228839113 0.411352701401 -0.000563122883871 0.00462497649948 -0.00882604377813 0.0119185891078 -0.0385503769179 0.230049189594 0.044529752197 -0.0345349795782 0.0589081325473 -0.46363111546 0.0159014320505 -0.0108649008365 -0.0705349452486 -0.0766432422793 -0.00868265478275 
-5.59286529623e-19 4.11697297726e-18 -7.05512681038e-18 1.28338486859e-16 -1.13851732078e-16 3.13729508934e-16 2.25093144869e-17 2.51177466878e-17 8.29368550003e-17 -2.05231939565e-15 -3.48319875772e-16 2.26709099758e-16 -4.46723920111e-16 8.02018222996e-15 -1.09322287086e-14 -8.07829015074e-16 -5.93264489933e-14 2.71825946144e-13 2.54081568788e-15 4.09797674742e-11 -4.44600727866e-12 1.74595375971e-10 5.368200479e-09 2.33569727352e-09 -3.61160451176e-09 2.4421311973e-07 -1.93789153633e-07 -2.7922478428e-06 4.40507988457e-06 -5.45797535651e-06 1.19419204583e-05 0.000198643039041 -0.000478105681851 -0.000134729710953 -0.000102037576504 -0.0033524584309 -0.0047407901617 -0.000699581900978 0.00429241813177 0.00941842949691 -0.0476085554946 -0.0135372070191 -0.00891988571343 -0.0153541360701 -0.0313357438421 -0.00556153374415 0.0187450520097 -0.0429075945792 -0.137408381391 -0.330827492227 0.107863300502 -0.684796320747 0.053159872563 0.0050772621917 -0.0252702645525 -0.0637349527426 -0.417403201744 0.0354729336523 0.0212333177707 -0.016261540334 -0.0514407488462 -0.00970123052074 -0.0737274748647 0.00500335790389 0.0274138642427 0.0364055457116 0.156054260398 -0.403735233107 -0.0179998137531 0.00632508919372 0.0417175328911 -0.0106715453498 0.0299115917169 0.00152681959261 -0.0101988603787 -0.0193836771272 
1.02415661496e-21 1.11957472563e-19 -2.00999294684e-19 -4.5027799701e-18 -2.27238457485e-18 1.74816357814e-17 6.06210303277e-18 -1.97471122879e-18 -2.25696176188e-17 5.61418926776e-16 1.4131630796e-16 -2.45384519705e-17 -9.18788212426e-18 2.14956853886e-16 -2.53470055346e-16 -2.15261794762e-17 -1.47566228917e-15 6.81333284796e-15 1.42315209838e-16 1.03088868759e-12 -1.51373867451e-13 5.75443120777e-12 1.71041499575e-10 4.45220275831e-11 -9.58754954032e-11 9.36937084376e-09 -5.99985298434e-09 -8.5169929373e-08 1.39010195476e-07 -2.53425834967e-07 4.05682355223e-07 5.83271574684e-06 -1.26675650272e-05 -9.51951136904e-06 -1.15329455634e-05 -0.00149085306689 -0.000757726341476 4.21195357556e-05 -0.00151616370509 -0.0170150963079 -0.00152930128205 -0.0135280586038 0.0118622705901 0.00122004676926 0.0169220819763 0.00132065412193 -0.0551189876386 0.318009835539 -0.0196721704297 0.00222978712845 -0.101688257911 0.0420267176495 0.0155831987664 -0.0379195188206 0.153228987256 0.0498278498493 -0.402127295945 -0.553797870583 -0.00276563611561 -0.00151660930049 0.0098546160071 0.0246356676482 -0.102912822336 0.305824753667 0.163793447634 0.0297641966376 -0.436187645724 0.0884896311971 0.0128252369162 -0.214056430121 0.0591425180981 0.0103419548105 -0.0187109561318 0.0180748208334 -0.0737273449368 -0.00644354909891 
-5.42828801543e-19 4.04765227513e-18 -6.94029868774e-18 1.2271100036e-16 -1.1157746806e-16 3.12328668785e-16 2.449758538e-17 2.35421787392e-17 7.07567274958e-17 -1.74966789255e-15 -2.77084362251e-16 2.09321724337e-16 -4.36037946385e-16 7.84806107789e-15 -1.07293375909e-14 -8.02886822454e-16 -5.79917317938e-14 2.65579077031e-13 2.49376785046e-15 4.00537552972e-11 -4.34682572421e-12 1.71188381577e-10 5.24420087438e-09 2.24946728742e-09 -3.51940282433e-09 2.40886271028e-07 -1.90581832522e-07 -2.73645406081e-06 4.33298768732e-06 -5.40989537019e-06 1.17771472014e-05 0.000195127558166 -0.000470722194083 -0.000134323435791 -0.000108567051643 -0.00440523682678 -0.00495728995587 -0.000617374943588 0.00471383995804 -0.00406649247198 -0.0470436189569 -0.0430013487143 -0.000534158282653 -0.0137521092541 0.0352281827401 0.00250604416735 0.0471089295705 0.19707905769 -0.120903825991 -0.176657886434 -0.293853372169 -0.545734654761 0.0632324136957 -0.0822122783868 0.100278687309 -0.064958286014 0.553093295847 -0.0285415312535 0.0276941358401 0.000491404105245 0.0138541915481 0.0211234941531 0.043315004288 -0.00286328876277 -0.00969813668257 -0.109454468729 -0.212843379788 0.350231933955 -0.0653514493784 -0.040012554163 -0.0298054557391 0.00691206375457 -0.0278006742773 -0.014425391191 0.00436161584971 0.0214536197969 
4.44910382417e-21 -1.25708830974e-21 -2.54928431888e-22 -2.14569527654e-18 2.5185402373e-19 2.2629751218e-18 1.43054374653e-18 -7.08107305208e-19 -6.57301504588e-18 1.63416842618e-16 3.98383513504e-17 -8.23727836587e-18 1.48674857762e-18 -1.40036190027e-17 1.48313431102e-17 -2.33647394469e-18 1.38245584466e-16 -6.67636697249e-16 8.0240679302e-18 -9.62288432255e-14 4.02058464389e-15 1.38500426731e-13 -7.84064522059e-12 -2.24975296855e-11 1.02724512132e-11 1.14149023666e-09 -4.48481524941e-11 2.92785770011e-09 1.25379058622e-09 -4.96864983199e-08 3.23808980247e-08 -1.58519558334e-07 3.83883136672e-07 -3.26779211794e-06 -8.0737039846e-06 -0.000832065531592 -0.000376010596074 3.30684144152e-05 4.07264442779e-05 -0.0103839486302 -0.000104075102778 -0.0179855458412 0.00647239050309 0.0011020391729 0.0196479739857 -0.00313884395543 -0.00447422562561 0.25270516927 -0.0283334131816 -0.0573402241482 0.145574567043 0.000559684703492 0.0413459188838 -0.0305801146909 0.0936512516743 0.0028575398211 0.0947891456857 0.00352677297891 -0.000647207236963 -0.0666342673051 0.0285259158551 -0.0216733870486 -0.0291565280986 -0.0118109905563 -0.000792029052011 0.761952696441 0.039588283549 -0.00101926277662 0.0888649555419 0.204431413402 -0.349441850992 0.231216654957 -0.209800744814 -0.0861106302511 -0.149738706278 0.0397212171723 
1.16172403944e-20 -1.05807055394e-21 -4.64764063491e-21 -5.68215606405e-18 6.11446243521e-19 6.24505516661e-18 3.84873506112e-18 -1.88487387692e-18 -1.75793011874e-17 4.3705976654e-16 1.06643977556e-16 -2.19414510463e-17 3.57130893309e-18 -3.00209255456e-17 3.36461888983e-17 -5.95020055657e-18 3.13074032222e-16 -1.5132162253e-15 2.60419077084e-17 -2.16014537737e-13 5.36358161212e-15 3.25343489531e-13 -1.44031602289e-11 -4.91123558708e-11 2.3237344887e-11 2.51979379785e-09 -2.3743943531e-10 4.47700847997e-09 6.39393264163e-09 -1.0851048027e-07 7.53413148409e-08 -1.83256712167e-07 4.75978960075e-07 -6.6924220328e-06 -1.62669843714e-05 -0.00181482327682 -0.000777602181788 7.84412532291e-05 -0.000122112115981 -0.022465048503 -0.000267908458642 -0.0372700066967 0.014245235746 0.00249908916955 0.0510596048091 -0.00159637364204 -0.00960128547945 0.496563354621 -0.0365775323061 -0.00816172188178 0.0641704878104 0.0651612362485 0.0344925186525 -0.0654211272544 0.174105551355 0.0135932274748 0.0544374541284 -0.104236792771 0.00458500306539 -0.0904830716267 0.422121571907 0.00442037612801 0.027318155765 0.0156575197385 0.0191884592083 -0.127149187413 0.582118688302 -0.00306645006766 -0.0893390396758 0.016827208905 0.351010898396 0.00814109706433 -0.00266268683371 -0.00135988409241 -0.12081859619 0.00968097669861 
1.93322904263e-21 5.6470425069e-22 -2.0994818805e-21 -9.72029401711e-19 8.63742211935e-20 1.15115172887e-18 6.81955853018e-19 -3.2556582821e-19 -3.08153308049e-18 7.65943534148e-17 1.85907266332e-17 -4.06027240804e-18 2.44800780764e-18 -4.00057170538e-17 3.71265900868e-18 -1.00881630425e-17 3.2353880835e-16 -1.64698729919e-15 -3.25798726263e-17 -2.33216665898e-13 3.9258096925e-14 -8.48941774791e-13 -4.78886618628e-11 -4.90911028954e-11 3.51677987608e-11 8.00340075623e-11 1.20885867686e-10 1.30932035027e-08 -2.70773794677e-09 -1.81329552738e-08 2.05744311131e-08 -3.04418986229e-07 -1.09506103131e-06 -3.14755746956e-07 -7.13337853158e-06 -0.000862475821443 -0.000146906913528 6.34060880029e-05 0.00120774143268 -0.0102826641993 -0.000215289876002 -0.0320713306937 0.00577450108329 0.000503437379872 0.0671821006999 0.00502607875541 0.0511620944986 0.221418246247 -0.000825259408628 0.0441860274254 -0.260832768023 0.0487733801108 -0.0806490291699 -0.0766973168001 0.0409053923625 -0.0289436201072 -0.19225671382 0.704437894198 0.0264400264922 -0.0223979288169 0.0126635630564 0.0006106862855 0.0138217620351 0.440807688762 -0.144012474152 0.120683886204 -0.175047422874 -0.00297775897207 -0.0792858678583 -0.0386238919557 0.203089228807 -0.0617245077267 -0.020013827132 -0.0785705275685 -0.016724962901 0.0261407154016 
4.18431254942e-21 -3.11715372673e-21 3.22399835077e-21 -1.94888954909e-18 2.77034678354e-19 1.83593148691e-18 1.24620936968e-18 -6.34739701602e-19 -5.81709048695e-18 1.44620258041e-16 3.51923385785e-17 -7.33013246603e-18 1.36273194063e-18 -1.31964802664e-17 1.839559793e-17 -8.95822460318e-19 1.26585202415e-16 -5.96908356192e-16 8.86933729238e-18 -8.65856044134e-14 2.67678679315e-15 -6.01505805492e-16 -5.84922180924e-12 -1.42678966829e-11 8.38660719586e-12 5.52260732163e-10 3.87803854698e-11 2.47796619802e-09 -4.69882936878e-10 -2.68098915395e-08 1.33209946666e-08 -1.53495549001e-07 4.52281704977e-07 -1.72863654479e-06 -4.06587935265e-06 -0.000494805768407 -0.000207098192638 2.26259843288e-05 -0.000135188530246 -0.00613817028909 -4.60004948914e-05 -0.00920559877364 0.00397977842235 0.000572650607211 0.0140356795925 0.000469700996222 -0.00489513613411 0.125633636508 -0.006537462191 0.00913324177043 -0.0296408885906 0.0171453539078 0.00279817328376 -0.0217978673923 0.0551176791864 0.00602101780144 -0.126088139107 -0.0408819737229 0.00459098547656 -0.0124353923947 -0.0317131088172 -0.00412738709806 0.0545245872887 -0.0617621833793 0.0141833255468 -0.249565912644 -0.208552475278 -0.0374235760533 -0.111212236115 0.867131065738 0.043945146596 -0.0396267708847 -0.25750000386 0.0531004543603 0.0869287087317 -0.0399663968847 
-3.62380420067e-21 -7.99316677641e-22 3.47149274892e-21 1.81278900845e-18 -1.67284236682e-19 -2.11868450244e-18 -1.25902807744e-18 6.06171575429e-19 5.69918819174e-18 -1.41692565025e-16 -3.45892417956e-17 7.12893844158e-18 -1.44243463775e-18 1.51452620392e-17 -7.87028031982e-18 4.05434065518e-18 -1.44906440955e-16 7.21824357172e-16 -1.36947157099e-18 1.03197197978e-13 -8.38720637552e-15 -1.42594657409e-13 1.2647972231e-11 2.92186943456e-11 -1.28718207229e-11 -1.39207480929e-09 9.33209438309e-11 -3.99501343416e-09 -2.12244113175e-09 5.95807758199e-08 -4.34542951945e-08 1.59123324407e-07 -1.20087403714e-07 3.87894041229e-06 1.04256734881e-05 0.0010136569356 0.000449851705056 -4.03970245135e-05 -0.000321805544336 0.0126447119422 0.000134818360486 0.024772112397 -0.00766089621641 -0.00228444592242 -0.0261173996847 0.0058384536732 -0.00216547376963 -0.330003668642 0.0373692917391 0.0572615049049 -0.295378123693 -0.0624741897966 -0.0643054503799 0.0370548607214 -0.110414953725 0.00199446526619 0.113941130296 -0.227493157103 0.00569142532743 0.0945536748623 0.0566855936382 -0.0223960269909 -0.0508720860221 0.00987182902213 0.0328524004783 0.470895629973 0.0302115025949 -0.0186016913941 0.0299160490188 0.140058175689 0.609321463993 -0.259312537203 -0.0872111141422 0.014086220156 -0.00401529845183 0.0705042811646 
-1.37234141913e-20 2.72400272001e-20 -4.10364094831e-20 5.78409400916e-18 -1.26188197934e-18 -3.45011658391e-18 -3.21908728437e-18 1.80710689307e-18 1.5890778193e-17 -3.95012919763e-16 -9.53808806668e-17 2.06759288407e-17 -6.40630180499e-18 8.58199795974e-17 -9.92265792105e-17 2.02361037803e-18 -7.15829298878e-16 3.38072433854e-15 2.63953782194e-18 4.95264169091e-13 -4.29180427744e-14 1.29049384016e-12 5.83536800099e-11 6.11284067656e-11 -5.14784040375e-11 2.03455776207e-10 -1.0578427675e-09 -2.38728980779e-08 2.27533689608e-08 3.00198571311e-08 2.63637893686e-08 1.36825105594e-06 -2.71289441002e-06 2.36566897975e-06 9.09146126691e-06 0.00131051767096 0.000400662427998 -8.05620340035e-05 -1.63847329554e-05 0.0162172863633 -4.35090134654e-05 0.0295658335363 -0.0103760114478 -0.00122687928144 -0.061347036981 -0.00684570611936 -0.0106026935184 -0.299305541149 -0.00373490531457 -0.101310180228 0.357666369144 -0.0838226464864 0.111417051791 0.0828980622179 -0.159594155818 -0.00805664152399 -0.179433596531 0.025188593803 -0.0150158372561 -0.00313456491723 0.325374531067 0.0167215713302 0.105504164083 0.213028301986 -0.0065461366862 0.0640506638203 -0.0139605469279 0.525120903901 -0.441614610437 0.015771743457 0.0476500753143 0.164609851105 -0.105455239515 0.000637745478566 0.0588805754729 -0.0122062837697 
1.82854602151e-21 7.44828666048e-21 -1.43633429667e-20 -1.16632680938e-18 -6.18505289382e-20 2.13358099793e-18 9.94614483826e-19 -4.19585269199e-19 -4.19504023501e-18 1.04317842713e-16 2.57511003313e-17 -4.98330150227e-18 -1.31781092099e-19 1.09419917224e-17 -1.21277317831e-17 -2.14947737191e-18 -5.99939441935e-17 2.69474213556e-16 1.46820361799e-17 4.31520081108e-14 -1.04560960751e-14 3.77419732292e-13 1.06605767569e-11 -5.42467888102e-13 -3.77190644938e-12 7.43212146087e-10 -4.34488713271e-10 -5.6952524347e-09 1.03176035715e-08 -2.25280431175e-08 3.10980225219e-08 4.09658264655e-07 -8.71567082518e-07 -8.23049736249e-07 -1.15132875931e-06 -0.000207450258444 -7.79950043158e-05 1.03120178162e-05 -0.000202729056927 -0.00238667423131 -0.000138467752896 -0.00220025765618 0.00170521520588 -0.000289846734397 0.00889603223238 0.00328932706762 -0.00357691597099 0.0201713992586 0.0077388211034 0.0376714353701 -0.174517537266 -0.0050028276086 0.0165975366095 -0.0324120869436 0.0687551300208 0.00559542697511 -0.144092350509 -0.101021761767 0.0177717924429 0.0210498460546 -0.718874824553 -0.0557148269339 0.0693538092573 0.172782910318 0.0160242926539 0.0198103700261 0.474693996469 0.336605575285 -0.16984271622 0.0594496173297 -0.0229615268288 0.0463538499288 0.000206495840038 0.00383157791485 -0.0281590024663 -0.00210294686517 
-3.67385635952e-21 7.85104371412e-22 6.63316400718e-22 1.78084917138e-18 -2.02718142874e-19 -1.9068774372e-18 -1.19456449625e-18 5.88798849439e-19 5.47687610549e-18 -1.36163642044e-16 -3.31915913881e-17 6.87955067282e-18 -1.39693011094e-18 1.47751240195e-17 -1.16488156792e-17 2.84188548419e-18 -1.38668410316e-16 6.76486712778e-16 -2.61850287073e-18 9.68590105699e-14 -7.61396938521e-15 9.64499590318e-14 1.14884936597e-11 1.99009055131e-11 -1.21080498515e-11 -5.40260222656e-10 5.37226240439e-11 -3.08234261829e-09 -1.6772961555e-09 2.64024086341e-08 -2.0339283491e-08 7.08297192188e-08 1.36401751449e-07 1.36095130486e-06 4.30723628985e-06 0.000560775705331 0.000182907294129 -3.16202041409e-05 -9.00976164882e-05 0.00684554030318 0.000101171265776 0.0132864676308 -0.00429414275127 -0.000519409154381 -0.023674291377 -0.00101371540935 -0.00498028516509 -0.145425674022 0.00794703265465 0.00577834039237 0.0628427088251 -0.0212136874792 -0.063157612933 0.0422783673266 -0.0527874099788 0.000317671910398 0.289670814281 -0.183151846928 -0.00429312820784 0.0159229140623 0.0256617745582 0.024243455544 0.44182427505 0.679494360237 0.0073265775193 -0.0958820636322 0.0892050713911 -0.334310243614 0.143009719214 0.056282207947 -0.0959570996242 0.120003313359 -0.10619749299 0.0305932827585 0.0160800387961 -0.0200547753571 
5.82068921932e-22 -6.33419609158e-22 8.06157811737e-22 -2.63968031125e-19 4.26853971038e-20 2.25201967371e-19 1.62884653101e-19 -8.50758022097e-20 -7.70458875073e-19 1.91555351262e-17 4.66232967703e-18 -9.60312695351e-19 6.88440610674e-20 4.47174304371e-19 3.03064912527e-18 5.47956091155e-19 1.43745397099e-19 7.11497570182e-18 3.92672142703e-18 1.9203288161e-16 -2.54192051159e-15 1.5835255096e-13 2.58402196511e-12 -1.63565728651e-12 -1.29382369043e-12 3.99795717562e-10 6.94975974398e-12 -1.08692209109e-10 -2.74620548681e-10 -1.55775831483e-08 7.92616609475e-09 -6.18668130892e-08 3.66467105076e-07 -1.27973584797e-06 -2.47011192975e-06 -0.000183647480567 -0.000129730853089 1.19874712069e-06 -5.23431511836e-05 -0.00240603897891 4.10816103415e-06 -0.00304490768689 0.00148908181465 0.000548075607275 -0.00369539036208 -0.00330964310984 -0.0073907867996 0.0766252887916 -0.0153407990638 -0.0418950160498 0.166194730676 -0.00440232084053 0.0406936390271 0.00361503677794 0.0224090412611 0.00235245027963 0.022534476401 -0.0388734518317 -0.00490071580715 -0.0353140008582 0.057077144011 0.00469064453451 0.104147561587 0.152796132903 0.00593555827171 0.134603627805 0.0126706721973 0.0913996156971 -0.0650107025225 0.178892180058 -0.251004474139 -0.715296801256 0.530121297538 0.0250837005527 -0.0314928518267 0.035527334756 
-2.33842234057e-22 1.299527796e-22 -1.00958631676e-22 1.10495038754e-19 -1.45635371948e-20 -1.0928810603e-19 -7.19306305721e-20 3.6186598022e-20 3.335130345e-19 -8.29151749059e-18 -2.01864010552e-18 4.20376667742e-19 -8.45942487417e-20 9.07126348376e-19 -9.25078791667e-19 1.14702682352e-19 -8.23988916898e-18 3.95875914921e-17 -2.61432922698e-19 5.41421385622e-15 -4.55277279274e-16 5.2712583214e-14 6.59632377522e-13 -3.14170949396e-13 -7.46891867865e-13 1.22220294784e-10 -2.19415603452e-12 -3.32411167414e-11 -5.02629223476e-11 -4.45827471137e-09 2.85209396174e-09 -1.49766046803e-08 7.27584404042e-08 -3.88476376013e-07 -8.36767139867e-07 -4.83219733085e-05 -3.85492906294e-05 -4.28257749834e-07 2.62457842323e-05 -0.000650716613795 3.81150563608e-06 -0.00119912274819 0.000360483200828 0.000333984118093 -0.00190795513691 -0.00173496455929 -0.00159116685053 0.0284720070386 -0.00668390411001 -0.0183020089496 0.0894912538737 0.00640297465546 0.0193083801421 0.00148936286255 0.00870677716673 -0.00014185524667 -0.0155448018682 0.0262049075376 -0.00366308284248 -0.0165090917619 -0.0230942506103 0.00462461781931 0.00538360778912 -0.0215800480655 -0.00196065121209 -0.0687479177676 0.0796614283551 0.011731861717 -0.00688581001838 -0.251754554175 -0.156095633928 -0.56058168637 -0.75683757358 -0.0141870271273 0.0408591712628 0.0100575706856 
1.35626462866e-21 -4.70029229009e-22 7.77016503093e-23 -6.50992453481e-19 7.85772936254e-20 6.76729410117e-19 4.31211046235e-19 -2.144645329e-19 -1.98535273771e-18 4.93617060806e-17 1.20455003544e-17 -2.46212310237e-18 2.27980792418e-19 -2.9599039562e-20 4.74270764154e-18 3.90338606957e-19 9.13704904227e-18 -3.39891049592e-17 6.92144430886e-18 -5.13195401937e-15 -3.37926807435e-15 1.17849304741e-13 3.09231364575e-12 -8.93212276035e-13 -6.12684553165e-13 2.80322596585e-10 -3.10367153363e-11 -7.12820015397e-10 8.4465085028e-10 -1.08720217625e-08 6.137998792e-09 1.20530338989e-10 2.05098501765e-07 -7.56413157272e-07 -1.15156234123e-06 -0.000128434375902 -7.71753103382e-05 3.05454059578e-06 -0.000156564681323 -0.00162816084134 -6.50447622632e-06 -0.000987916338963 0.00112540025475 0.000295502296431 -0.000606550634236 -0.000475494269356 -0.00670950059592 0.033933107165 -0.00278391780786 0.00299894765801 0.0242838842071 0.00897493507346 0.00522178480032 -0.000478752777625 0.0197209260355 0.00521855048779 -0.0132683903607 -0.0871595686139 -0.00113717033551 -0.00494732323608 -0.0101365952588 0.000706112016878 0.0352131558172 -0.00900344642363 0.0180727653678 -0.0253298266423 0.0164241946911 -0.0345488847457 -0.0175624693869 0.0108236293861 0.0153073472816 0.00523934210716 0.0393191473363 -0.821732428711 0.43847976668 0.340984935163 
-1.92666853623e-21 6.03912448933e-22 3.81910564514e-24 9.27059495546e-19 -1.10300480472e-19 -9.70977708241e-19 -6.1642973202e-19 3.05682785376e-19 2.83515202725e-18 -7.04868747216e-17 -1.71819347107e-17 3.55356696623e-18 -6.35956345734e-19 5.96523617264e-18 -6.55960583328e-18 9.39075736169e-19 -5.87281118852e-17 2.82812169016e-16 -3.58615220815e-18 4.0452058081e-14 -1.71214082907e-15 6.96274413841e-16 3.31479785534e-12 7.73378699165e-12 -4.43829393018e-12 -2.91032339972e-10 1.65133681583e-11 -1.0264030855e-09 -5.79730394225e-10 1.3515630385e-08 -8.85584748656e-09 3.92045670601e-08 -6.72000078852e-08 7.85317784178e-07 2.0288647085e-06 0.000251878522014 9.65091790553e-05 -1.24931244508e-05 2.47423803276e-05 0.00309248735833 3.96516378986e-05 0.00516564011105 -0.00198379053343 -0.000178922288801 -0.00906529810474 -0.000690964595415 0.000288604224632 -0.0611646161155 0.00225005321091 -0.0064311969816 0.0390726997426 -0.00459498042578 0.00319024816559 0.012497430599 -0.0255489308046 -0.0018820198342 -0.022358199907 0.0249106464952 -0.00293398498684 0.00544049167553 -0.0263551934923 0.00634542534254 0.00989221534469 -0.00606318897789 -0.00330584204812 -0.124310039162 -0.0419546437137 -0.00321027324709 -0.00381295881264 0.0306123847784 -0.0116019891335 0.0289418899522 -0.0321300624845 0.128841045325 -0.435742067908 0.87465939889 
-3.21976724678e-21 1.00146299394e-21 2.02908027956e-23 1.54954034977e-18 -1.84168264008e-19 -1.62383053402e-18 -1.0306387536e-18 5.10968280171e-19 4.73987012188e-18 -1.1784102199e-16 -2.87221779267e-17 5.94657539883e-18 -1.10975613253e-18 1.08571051673e-17 -1.09396546366e-17 1.79328233438e-18 -1.05036114418e-16 5.07958678045e-16 -5.0634159521e-18 7.26415316209e-14 -3.82058152343e-15 1.86848108515e-14 6.67992224294e-12 1.41056832355e-11 -8.19535204979e-12 -4.94552531938e-10 2.34048830949e-11 -2.04657126245e-09 -8.61143151114e-10 2.32494799349e-08 -1.54046737185e-08 7.5227446939e-08 -9.2745499076e-08 1.3454994059e-06 3.62420679251e-06 0.000443847637092 0.00016729504011 -2.22638045854e-05 7.11624872216e-06 0.00544756309975 7.22569267937e-05 0.00949036393292 -0.00346809330959 -0.000238148344749 -0.0165269673258 -0.00113749044077 -0.000678793619144 -0.109773553586 0.00502431037915 -0.0043199049384 0.0663789198396 -0.000997704193224 0.00579237308444 0.022646351997 -0.0407096355124 -0.00181974852695 0.0385958889374 0.000257957491256 -0.00673699853668 0.0117721560656 -0.0596439762263 0.010888373492 0.0146178874054 -0.0160846267359 7.18135337431e-06 -0.12269276759 -0.0789323955766 0.00169482411429 -0.0206823039681 0.0474125487261 0.0709263490214 -0.0529793868794 -0.0176723876727 -0.531919487233 -0.743760388313 -0.326852824068 
