-0.994197861527 0.0353941205433 0.0689758035834 -0.0679407931862 -0.000381295260982 0.0118788718869 0.00134492898403 -0.00196183895717 -0.0119635233219 0.0110494793448 -0.0224991771594 -0.00495133676869 -8.29160762111e-05 0.000216235655062 0.00115771717863 7.24392186135e-05 -1.02528088544e-06 -8.71537553003e-08 -9.55116472014e-06 -1.90028178834e-06 -3.22711469338e-07 -3.19640110452e-08 3.67957971865e-07 -1.86196124058e-07 -1.05682219384e-07 2.56584671001e-09 2.9466319107e-08 -4.33002125129e-10 -2.28378539428e-09 1.42087880902e-09 2.97597622239e-10 -2.4106776042e-10 1.40383895493e-10 9.63224103697e-13 -9.88132455975e-11 -6.42924294112e-13 -8.13175976688e-13 -4.48909436976e-13 3.30665024776e-14 -1.58919417223e-14 -3.48751099353e-15 -5.27804544708e-15 6.52665960985e-17 -4.46929990229e-17 -3.91772990536e-17 -7.61992854362e-19 -2.44194014639e-18 1.07631659095e-20 6.09515474915e-21 9.73033263353e-23 1.46992603453e-22 1.03745617014e-23 2.98456564204e-24 -1.76768487822e-24 7.06756974937e-24 -8.58606233254e-26 -4.32396347251e-26 -1.13006467686e-26 -3.22609512291e-28 -3.18275726785e-28 6.87328309074e-29 9.67817668612e-29 1.32041667974e-28 7.26166484113e-28 7.9835898675e-28 -9.78505865926e-29 1.78941378071e-27 -1.53525337793e-27 -4.18939357387e-29 -2.99564853581e-29 -3.11179216247e-29 -6.14868118034e-29 -1.60628711793e-29 7.97212066932e-30 -6.94337350061e-29 3.01730673782e-29 
0.0348502259946 0.998174626321 -0.0395535730316 -0.029314052358 -0.00214758498104 0.000327493125512 -0.000921297652891 -0.000237544865999 -0.000837698174547 0.000333164536964 -0.00158335020336 -0.000356462866093 -5.43098907049e-06 1.51728387166e-05 8.14530253068e-05 5.10773899481e-06 -7.18796705495e-08 -6.14518187986e-09 -6.71550142427e-07 -1.33600409864e-07 -2.27245942941e-08 -2.24897788616e-09 2.58628329892e-08 -1.30671436166e-08 -7.41841040044e-09 1.80166781152e-10 2.0714867951e-09 -3.0395059949e-11 -1.60271036546e-10 9.97767649066e-11 2.09154471261e-11 -1.69156863423e-11 9.850190097e-12 7.11987170886e-14 -6.94453473123e-12 -4.51539854842e-14 -5.70719796797e-14 -3.14998163792e-14 2.32026347607e-15 -1.11513116773e-15 -2.44717285788e-16 -3.70358420826e-16 4.579746507e-18 -3.1360899431e-18 -2.74905553863e-18 -5.34687956805e-20 -1.71349987343e-19 7.55247115754e-22 4.27693457199e-22 6.82773464398e-24 1.0314247432e-23 7.28271784879e-25 2.09800762564e-25 -1.22590109752e-25 4.96114672915e-25 -5.81007899629e-27 -3.04316098785e-27 -7.89073992278e-28 -4.27560232174e-29 -5.47755737645e-29 6.9580567592e-30 1.72199669425e-29 2.3500429152e-29 1.29237039616e-28 1.42085680959e-28 -1.74146694518e-29 3.18465836968e-28 -2.73232361355e-28 -7.45597687792e-30 -5.33142047826e-30 -5.53812582145e-30 -1.09429408621e-29 -2.85874317487e-30 1.41881595544e-30 -1.23572723534e-29 5.36996603198e-30 
0.0826492572452 0.0295415270833 0.973570452037 -0.209509048081 -0.00154573741297 -0.0233264466519 -0.001671578125 -0.00367675203634 -0.000196353853868 4.12166220095e-05 -0.000258089942069 -2.8194635413e-06 -1.61063182926e-07 -3.07326521342e-07 1.33105078251e-05 9.77392440114e-07 -5.83381231742e-09 -3.71599429479e-09 -1.10853165215e-07 -2.02003191651e-08 -4.30687335167e-09 -4.15561988632e-10 3.30300531388e-09 -1.5487212187e-11 -1.70606548491e-10 6.91618420278e-12 3.2902186177e-10 -8.20475329435e-13 4.9167658102e-14 5.77493154009e-12 2.80615676849e-12 1.32340576e-13 -1.2387840093e-13 3.23787296979e-13 -9.18454405965e-13 -3.25492146123e-15 -5.9429198087e-16 2.52947024976e-16 -1.87299766937e-17 9.02164000321e-18 1.97333538739e-18 2.9891281228e-18 -3.77683783855e-20 2.52547380478e-20 2.22280174491e-20 4.25165953103e-22 1.38191978452e-21 -6.07167340684e-24 -3.55589130088e-24 -5.50905913456e-26 -9.99181565418e-26 2.42074969506e-26 3.68069257428e-26 1.49603421766e-25 1.51128355597e-26 2.20909530142e-26 -9.04898179619e-28 4.05489899215e-28 -2.06506669942e-27 -3.33013492756e-27 2.19136792127e-28 1.07050106639e-27 1.46121001683e-27 8.0355339665e-27 8.83443735031e-27 -1.08278848164e-27 1.98011958342e-26 -1.69887217812e-26 -4.63589913441e-28 -3.314908206e-28 -3.44343185158e-28 -6.80397365355e-28 -1.77747556071e-28 8.82174935813e-29 -7.6833602851e-28 3.33887460233e-28 
0.00780868216983 0.000468100118626 0.0263310698997 0.0460886655143 -0.650457268699 0.757298419672 -0.0201869704774 0.0027942409552 0.0103588264439 -0.00170990629453 0.000349719048804 -0.000286643229211 -2.67752435083e-05 -1.721514512e-06 -5.41541128687e-05 -3.80072677313e-05 -1.30001191526e-07 -1.34550673204e-07 2.06215917318e-06 8.8208058974e-08 2.30983246157e-07 5.89303387553e-09 -1.05567938384e-07 3.48483962219e-08 1.90820338155e-08 -5.82843935376e-10 -8.2450603433e-09 7.41546638308e-11 4.41661052015e-10 -2.96688606811e-10 -7.77330679119e-11 3.66863862814e-11 -2.09179146611e-11 -3.66816020181e-12 2.56504470765e-11 1.37031278825e-13 1.3526453694e-13 6.84441609363e-14 -5.0360927845e-15 2.42242790969e-15 5.30942839948e-16 8.04816964863e-16 -1.04307917441e-17 6.78913913439e-18 5.97313784459e-18 1.16081336871e-19 3.71808511941e-19 -1.63407949811e-21 -9.21548189629e-22 -1.48033725141e-23 -2.18448362872e-23 -2.47528318974e-24 -1.60102663871e-24 -4.15841433174e-24 -1.64481077422e-24 -6.43654381397e-25 3.42681891752e-26 -1.01709291663e-26 6.15799259275e-26 9.9269909837e-26 -6.54045123221e-27 -3.19102462069e-26 -4.35567618017e-26 -2.39528777125e-25 -2.63343043362e-25 3.22765109909e-26 -5.90247795828e-25 5.06411616209e-25 1.38190100318e-26 9.88130857516e-27 1.02644207797e-26 2.02817571498e-26 5.29842258444e-27 -2.62964830826e-27 2.29030938871e-26 -9.95274927365e-27 
-0.00156654029325 -0.00179227995788 -0.00740132281538 -0.0167624676357 -0.072907300623 -0.0874995442248 -0.993038332972 -0.0161662062959 -0.0172172611844 0.00152904178057 0.00128259128108 0.000172831758699 2.37320862932e-05 7.14710042092e-06 -6.32321020299e-05 2.24687058888e-05 1.98420114697e-07 1.37256852554e-07 9.00730442695e-07 1.39520652674e-07 -3.80628493663e-08 1.16907803083e-09 -1.83329835105e-08 -3.52186360694e-09 -6.53502196433e-11 3.88646868329e-11 -3.06351110421e-09 3.81434291254e-12 -4.22800082002e-11 -3.9087285848e-11 -2.54054430735e-11 -4.63400337648e-12 3.17655174475e-12 -3.38652373642e-12 8.31559447998e-12 2.57160524149e-14 -4.61597201873e-15 -8.65519167695e-15 6.37809004797e-16 -3.06916225316e-16 -6.72275585128e-17 -1.01920349331e-16 1.3230014602e-18 -8.5950771259e-19 -7.56687502785e-19 -1.46949498365e-20 -4.70790930201e-20 2.06844565223e-22 1.16728969378e-22 1.87374239378e-24 2.77546296906e-24 2.93430558906e-25 1.77233303512e-25 4.28262970271e-25 1.95562994804e-25 6.69207989805e-26 -3.72394801109e-27 1.02396797515e-27 -6.43122874472e-27 -1.03667817358e-26 6.83181867104e-28 3.33237635912e-27 4.54861788215e-27 2.50139091957e-26 2.75008249525e-26 -3.37062512685e-27 6.163937769e-26 -5.28843938067e-26 -1.44311454317e-27 -1.03190171253e-27 -1.07190999042e-27 -2.11801703963e-27 -5.5331247853e-28 2.74613283443e-28 -2.39176234853e-27 1.03936224052e-27 
0.000933687283977 -0.000866723198305 -0.00698153869469 -0.00282420469641 -0.124660473895 -0.102520449661 0.0337672174547 -0.984947250009 0.0277449630051 -0.012433338105 -0.0411038126926 0.00336464424092 -2.7186971543e-05 -0.000289074606812 0.00208967224438 7.66855153176e-05 -9.93171519691e-07 -1.14100413017e-06 -1.83251400565e-05 -2.99312209507e-06 -5.45389115393e-07 -6.27920724037e-08 4.57582098677e-07 1.63289103106e-07 5.2481241223e-08 -7.93453501824e-10 5.56339228073e-08 1.7665254093e-10 2.04425018323e-09 1.71333777313e-10 4.33234609695e-10 2.4602674791e-10 -1.54821420751e-10 7.95158245706e-11 -1.40615289745e-10 -2.40042801626e-13 5.71197526706e-13 4.59537886475e-13 -3.38727704123e-14 1.62842332071e-14 3.57202060039e-15 5.40668179948e-15 -6.70870080021e-17 4.57667658452e-17 4.0141574817e-17 7.79089062391e-19 2.50116375516e-18 -1.10192901092e-20 -6.2668230628e-21 -9.96677208762e-23 -1.54349217594e-22 -3.80308350198e-24 5.67549378776e-24 3.55196107546e-23 -2.90342729246e-24 5.08802485191e-24 -1.66529782005e-25 1.02105106634e-25 -4.68150089732e-25 -7.55121665771e-25 4.96473480667e-26 2.42745434327e-25 3.31342146216e-25 1.82212754445e-24 2.00328587137e-24 -2.45531750364e-25 4.49009419353e-24 -3.85234112444e-24 -1.05123064267e-25 -7.51684403941e-26 -7.80828263883e-26 -1.54286048432e-25 -4.03058116284e-26 2.00040875855e-26 -1.74226908782e-25 7.57118993744e-26 
-0.0101133115215 -0.000275003522894 -0.00786745982276 0.032200951627 -0.743749805611 -0.637859289187 0.10802225507 0.163420675804 -0.0191954546862 0.00248047458121 0.00456155837724 -2.71321321467e-05 2.18308200232e-05 2.29223609565e-05 -0.000219225735883 1.49629580638e-05 1.95926430743e-07 2.25224539247e-07 1.47274496419e-06 3.14644255536e-07 -3.8342163423e-08 4.48949167741e-09 -2.25229386878e-08 -1.77753174685e-08 -6.09855148853e-09 1.69122083856e-10 -4.08151037106e-09 -1.89557351869e-11 -2.23719396603e-10 9.7663921705e-12 -3.07488552413e-11 -2.3256230576e-11 1.44845784566e-11 -6.41057820266e-12 9.96335392376e-12 1.04957837374e-14 -5.75516071604e-14 -4.3447821186e-14 3.20053262049e-15 -1.53925481119e-15 -3.37445679899e-16 -5.11190010921e-16 6.4991897194e-18 -4.31869578895e-18 -3.79483737737e-18 -7.37074224018e-20 -2.36296825362e-19 1.03961615705e-21 5.88280288159e-22 9.41356617667e-24 1.41673128897e-23 1.08601322444e-24 3.93698744657e-25 2.34059464902e-25 7.35914933714e-25 5.17809975909e-26 -6.71702994505e-27 -5.43685568277e-30 -5.66111572673e-27 -9.10928851396e-27 6.0412642766e-28 2.9277163308e-27 3.99626110455e-27 2.1976373702e-26 2.41612933708e-26 -2.96131708458e-27 5.41542695703e-26 -4.64624372532e-26 -1.26787154394e-27 -9.06593895047e-28 -9.41743811457e-28 -1.86081803568e-27 -4.8612160399e-28 2.4126592963e-28 -2.10132139229e-27 9.13148462263e-28 
-0.0128370338804 0.00135515709726 0.000959700208465 0.000351150380572 -0.00527869805527 -0.0187065843346 -0.0157711292968 0.0297299113147 0.99875378591 -0.0212324159755 0.0168612157494 -0.00322810662316 -0.00370655193247 -0.00213539644855 -0.00520076107964 -0.00467257110674 -1.97095818112e-05 -1.88206775977e-05 0.000299222879816 6.26632038253e-06 3.33874364655e-05 6.91585265365e-07 -1.66034134801e-05 7.19207137031e-06 3.80548697147e-06 -1.06692352573e-07 -1.26944359373e-06 1.49122369734e-08 9.10357517497e-08 -5.45012530248e-08 -1.24154543118e-08 8.1103779512e-09 -4.69679003614e-09 -2.91443886946e-10 4.11005897595e-09 2.45236279892e-11 2.82295620111e-11 1.51332856278e-11 -1.11392649964e-12 5.35720332156e-13 1.17448207799e-13 1.77960007917e-13 -2.27987521781e-15 1.50262576399e-15 1.32086991531e-15 2.56631710594e-17 8.22442782136e-17 -3.61703892861e-19 -2.04415816878e-19 -3.27517117476e-21 -4.89264519204e-21 -4.42459905698e-22 -2.19665416053e-22 -4.00640538957e-22 -2.97091688866e-22 -6.53637477962e-23 4.33329790006e-24 -8.55386725303e-25 6.40586781613e-24 1.03229771007e-23 -6.80987320402e-25 -3.31821533036e-24 -4.5292874837e-24 -2.49076073916e-23 -2.73839544263e-23 3.35630094968e-24 -6.13774282225e-23 5.26596504799e-23 1.43698172211e-24 1.02751642971e-24 1.06735468375e-24 2.10901608185e-24 5.50961061164e-25 -2.73446256625e-25 2.38159805257e-24 -1.03494525261e-24 
0.0051718558735 0.00296759662325 0.0187959377095 0.0902367761391 0.00407181539992 -0.000707293102161 -0.000479042293881 -0.0138720728855 0.0211881973005 0.99400657068 0.029222160521 0.0435882764568 -0.00150454006797 -0.00149191886126 -0.00153891000917 -7.58265139815e-05 -9.43000411577e-06 2.59500186702e-06 8.66679796692e-06 2.17109637502e-06 2.65058120616e-07 4.4209071857e-08 -2.82095391534e-07 2.26598173072e-07 1.2058572004e-07 -2.78929959268e-09 -1.92106256275e-08 4.88339368538e-10 2.7858174029e-09 -1.44267301194e-09 -2.20518907836e-10 3.01930335079e-10 -1.78206452736e-10 1.54154506884e-11 7.38991648697e-11 6.20560687853e-13 9.65016306661e-13 5.62491918214e-13 -4.14412344885e-14 1.9918015566e-14 4.37046332533e-15 6.61451937534e-15 -8.18554783772e-17 5.60055837152e-17 4.91013846654e-17 9.54119627207e-19 3.06020107174e-18 -1.34864713481e-20 -7.65253300811e-21 -1.21967146237e-22 -1.86423296998e-22 -9.09924780948e-24 1.25721181404e-24 2.15104300366e-23 -6.37754099975e-24 2.96961184184e-24 -6.6469037894e-26 6.59837825413e-26 -2.67748131657e-25 -4.32010045491e-25 2.83716744257e-26 1.3887994219e-25 1.89568090096e-25 1.04247900219e-24 1.14612364399e-24 -1.40474082266e-25 2.56888105302e-24 -2.20400857929e-24 -6.01432034653e-26 -4.30055081235e-26 -4.46728920792e-26 -8.8270421395e-26 -2.30598360159e-26 1.14447758506e-26 -9.96790235615e-26 4.33164328874e-26 
-0.051725986223 0.0387787358612 0.211236575168 0.968868930584 0.053191343668 -0.0207769536216 -0.0199046637568 -0.00915246755421 -0.00362952917932 -0.0922751076542 0.0140200157423 -0.00515708388744 0.000135231353123 0.00022919496934 -0.000820508402985 -5.50231812649e-05 1.03742545588e-06 3.14858094294e-07 9.83378984376e-06 1.63614714509e-06 3.70862172009e-07 3.609804661e-08 -2.71963814544e-07 -5.22815114613e-08 -1.14212427486e-08 -1.29846689539e-11 -2.99661320129e-08 -3.16232630473e-11 -6.59196587183e-10 -2.60186630531e-10 -2.41842958584e-10 -8.66999923464e-11 5.59511766635e-11 -3.77536729184e-11 7.87540387638e-11 1.9288070195e-13 -1.70018833328e-13 -1.62101404858e-13 1.19518394603e-14 -5.74582177294e-15 -1.26036393441e-15 -1.90756257041e-15 2.35930915275e-17 -1.6150767244e-17 -1.41633274562e-17 -2.75044890191e-19 -8.82514802534e-19 3.88891895475e-21 2.20886121847e-21 3.51788115768e-23 5.40839517906e-23 2.05489281991e-24 -1.09169813957e-24 -9.01863792799e-24 1.47749479128e-24 -1.27398419437e-24 3.67729854235e-26 -2.65901225197e-26 1.16340248971e-25 1.87677331067e-25 -1.23341998163e-26 -6.0332346464e-26 -8.23523246161e-26 -4.52874587123e-25 -4.97899977097e-25 6.10248664988e-26 -1.1159754222e-24 9.57467221736e-25 2.61274599313e-26 1.86824882485e-26 1.9406834556e-26 3.83465091417e-26 1.00176729501e-26 -4.97184894763e-27 4.33026434877e-26 -1.88175604405e-26 
0.0212293443653 -0.00167615016633 0.00207017281933 0.0181897003702 0.00221417519925 0.000586697953102 -0.00277633520236 0.0414873085937 0.0168154675568 0.02586926783 -0.995679802652 0.0433042326608 -4.74064859907e-05 -0.00411262809159 0.0569175860881 0.00384255849365 -1.4984742951e-05 -2.86125528977e-05 -0.000626021662613 -0.000106819335038 -2.41537177193e-05 -2.32790042604e-06 1.82609453965e-05 7.52043608766e-07 -5.16372802691e-07 2.82997828285e-08 1.88969798147e-06 -2.88504837096e-09 1.00411899482e-08 2.87703960382e-08 1.58826127349e-08 2.02144183273e-09 -1.46439988334e-09 1.99882370352e-09 -5.19208437533e-09 -1.69506554417e-11 3.67764489108e-13 3.79715571675e-12 -2.80320154462e-13 1.34794265152e-13 2.95581014603e-14 4.47289413128e-14 -5.49437074762e-16 3.78863898731e-16 3.32216409981e-16 6.44344192857e-18 2.06967362257e-17 -9.12202960919e-20 -5.19679345075e-20 -8.25374303963e-22 -1.29098910178e-21 -8.66980661703e-24 7.62194678357e-23 4.06946085912e-22 -9.54001452542e-24 5.88667171054e-23 -2.08449793725e-24 1.14850012879e-24 -5.44451422518e-24 -8.78125746016e-24 5.77509387582e-25 2.82285084033e-24 3.85312871417e-24 2.11892513115e-23 2.32959146477e-23 -2.85525235427e-24 5.2214640251e-23 -4.4798304282e-23 -1.22246054158e-24 -8.74122658507e-25 -9.08013621457e-25 -1.79416960255e-24 -4.68710312878e-25 2.32624571278e-25 -2.02605891367e-24 8.80442462487e-25 
-0.00638478559101 0.000684331290952 0.000547610251529 -4.4379132436e-05 0.000207510720361 0.000458585911471 4.96244631735e-05 0.00217217723978 0.00135980612504 -0.0449992879482 0.0430110179468 0.996414621215 -0.000179973858437 -0.0556200023294 0.0108094952591 0.00488267651884 -0.000179077485591 4.36630177399e-05 -0.000564883746409 2.47817746392e-06 -3.90288543418e-05 -9.04156536299e-07 1.00114732075e-06 4.77717708624e-05 2.23544395258e-05 -4.64821422471e-07 2.03575240278e-06 8.7952890967e-08 5.9212197028e-07 -1.9827223832e-07 5.37582118605e-09 6.62905186034e-08 -3.99744386939e-08 9.25942378663e-09 -1.39574119343e-09 7.08843473316e-11 1.93034909453e-10 1.23617108521e-10 -9.10941992042e-12 4.37855368747e-12 9.60702772354e-13 1.45389832015e-12 -1.79684155995e-14 1.23115200431e-14 1.07935439742e-14 2.09404683948e-16 6.72683574632e-16 -2.96442996942e-18 -1.68835451851e-18 -2.68310329859e-20 -4.19154275153e-20 -3.86362740977e-22 2.34447566365e-21 1.27149475911e-20 -3.76413425305e-22 1.83738539706e-21 -6.45465463075e-23 3.59549474754e-23 -1.69845482998e-22 -2.73939840178e-22 1.80154312043e-23 8.80616195676e-23 1.20202157311e-22 6.61019629205e-22 7.26739073358e-22 -8.90724181185e-23 1.62888728967e-21 -1.39752736194e-21 -3.81358643777e-23 -2.72691199548e-23 -2.83263820225e-23 -5.59708933546e-23 -1.46218812864e-23 7.25695332972e-24 -6.32049095185e-23 2.74662724771e-23 
-0.000114528290541 1.26700015658e-05 9.9807425255e-06 1.92827367497e-06 -2.30765546058e-05 -3.26706335486e-05 -3.46005547857e-05 6.42754709603e-05 0.00371188414136 0.00140932115883 -0.000345400567679 0.000956567163051 0.999693244093 0.0108485642461 -0.00658027698795 -0.00457223050742 0.0192771072497 -0.00654790296942 0.000467167082507 -2.80186223447e-05 2.72324274879e-05 -5.40934308078e-08 -1.4367225431e-05 -1.47639575153e-05 -5.710095881e-06 8.9494206612e-08 -1.95406803845e-06 -2.12918517678e-08 -1.86974693915e-07 3.47675810294e-08 -1.31897587726e-08 -1.9630718566e-08 1.20322868235e-08 -4.01395390214e-09 4.21869578616e-09 -6.52686511588e-12 -5.32172112555e-11 -3.67016768152e-11 2.69800564461e-12 -1.30692117827e-12 -2.85814606324e-13 -4.26408860294e-13 5.15076685855e-15 -3.66050960667e-15 -3.22961993972e-15 -1.30613101689e-16 -2.00054715831e-16 7.09514003386e-19 5.00288431632e-19 -5.59915122421e-20 -1.2872603912e-19 5.64624301186e-20 8.09017481601e-20 3.21735811967e-19 3.62225107175e-20 4.7599399855e-20 -1.97354358016e-21 8.68551044251e-22 -4.45385113413e-21 -7.18225603306e-21 4.72644919807e-22 2.30877570788e-21 3.15142973089e-21 1.73304436801e-20 1.90534592396e-20 -2.33527787483e-21 4.27057504779e-20 -3.66400150809e-20 -9.9983636603e-22 -7.14934827123e-22 -7.42653843599e-22 -1.46743056867e-21 -3.83352744437e-22 1.90260947151e-22 -1.6570901575e-21 7.20103709111e-22 
-6.40986138921e-05 6.94569814683e-06 5.15427030267e-06 -6.98967164625e-07 -1.84322689641e-05 -2.66825020904e-05 -2.69550524407e-05 4.14741788318e-05 0.00252437192173 -0.00094218388908 0.000794587908714 0.0550479325142 -0.010633186346 0.997127382934 0.0429027551333 0.0156889266127 0.00453080421273 -0.00132905979854 0.021216559707 -0.00323053265951 0.00112371353164 -0.000110409429291 0.000330046542369 -0.00347370192598 -0.00161651239366 3.49297490635e-05 -0.000119866292067 -6.31720742404e-06 -4.31747658736e-05 1.47260644126e-05 -1.64222372119e-07 -4.72962678321e-06 2.84905779102e-06 -6.36850153444e-07 2.79075120046e-08 -5.32468267263e-09 -1.38506842089e-08 -8.8203233745e-09 6.49989452255e-10 -3.12435861749e-10 -6.85489087509e-11 -1.03741865691e-10 1.28355427843e-12 -8.78410384419e-13 -7.70174236028e-13 -1.48870562154e-14 -4.79980572195e-14 2.11536036992e-16 1.21038952311e-16 1.93757232452e-18 3.12629479208e-18 -1.44267062677e-19 -3.90607970685e-19 -1.77311136063e-18 -8.24377910738e-20 -2.59487059586e-19 1.00052498368e-20 -4.89268462505e-21 2.41454889474e-20 3.89398352577e-20 -2.56176530566e-21 -1.25176160709e-20 -1.70862679865e-20 -9.39613629846e-20 -1.03303125655e-19 1.26612969311e-20 -2.31539977021e-19 1.98653065403e-19 5.42086443108e-21 3.87619908099e-21 4.02648475747e-21 7.95604425297e-21 2.0784434125e-21 -1.03154762021e-21 8.9843314454e-21 -3.9042235387e-21 
-9.66954365369e-05 1.0352298027e-05 7.66153067324e-06 -9.34774676562e-07 -4.80960724395e-05 -5.81993858552e-05 -5.48302360863e-05 -0.000161612201134 0.00429250180236 0.000419088517352 0.0560579270825 -0.0155005631731 0.00710699412982 -0.0386583029664 0.984259430631 0.0346701786503 0.000687215523163 -0.00432169665563 -0.158109675159 0.00115979136586 -0.00344700803823 0.000779586626445 0.00725076184321 -1.79566026632e-05 -0.000465526917058 2.62712381295e-05 0.000727346034894 -2.31816458604e-06 9.59018703575e-07 1.33019477164e-05 6.22324591999e-06 2.95814563168e-08 -1.20671249181e-07 6.87264461865e-07 -2.04424125628e-06 -7.8734061288e-09 -2.02371104166e-09 1.1279694603e-10 -2.5307582936e-12 9.29823785519e-12 1.30626711476e-12 -2.96794626938e-12 1.2461944639e-13 1.47063863453e-14 2.94386210899e-14 5.54939412923e-14 8.55721753226e-16 1.3535654518e-16 -5.14081652025e-19 5.16619737021e-17 1.14063559201e-16 -4.5567960087e-17 -6.59795718037e-17 -2.63198157782e-16 -2.92024137387e-17 -3.89286168783e-17 1.61127495581e-18 -7.10911503956e-19 3.64203671935e-18 5.87313989671e-18 -3.8649270787e-19 -1.88795364793e-18 -2.57701654992e-18 -1.41716122663e-17 -1.55805726423e-17 1.90962523463e-18 -3.49217451387e-17 2.99616153375e-17 8.17595531141e-19 5.84623183975e-19 6.07289837111e-19 1.19996102996e-18 3.13478786577e-19 -1.55581958678e-19 1.35505124028e-18 -5.88849930549e-19 
3.72837911202e-05 -3.86668260408e-06 -2.71377269877e-06 6.96164511231e-07 3.16646087811e-05 4.37018956425e-05 4.51373195335e-05 -4.49404583756e-05 -0.00443991289565 -0.000102313143232 -0.00216192320019 0.00551073746654 -0.00496529605091 0.0152199015982 0.0272116853914 -0.997653634129 0.0173802907082 -0.0178550135533 -0.0542626751907 -0.00173933118214 0.00789508794908 0.000840681008681 0.00201640760878 0.000383356985895 -0.000155352394515 1.83023742628e-06 0.000248339237971 -1.08294066282e-06 6.60608265815e-06 4.00060968729e-06 2.136014086e-06 -2.38811519578e-08 -2.49532878224e-08 2.31609619752e-07 -7.00656875192e-07 -2.67545987782e-09 -7.90494952947e-10 -1.83526542861e-11 2.07588799246e-12 -4.41413502366e-13 -1.38540651602e-13 -5.00374711047e-13 3.44235983147e-15 -2.21729608661e-15 -5.63053411206e-16 3.73433120288e-15 -1.01544306218e-16 1.0329415693e-17 -1.2799266136e-18 3.61174855485e-18 7.72050456464e-18 -2.72854818024e-18 -4.0271551693e-18 -1.61397602588e-17 -1.75062297501e-18 -2.38620287317e-18 9.85073302462e-20 -4.36303390398e-20 2.23199183024e-19 3.59931627575e-19 -2.36856930717e-20 -1.15702054645e-19 -1.5793084324e-19 -8.68498370135e-19 -9.54845623182e-19 1.17030184898e-19 -2.14015724998e-18 1.83617880582e-18 5.01058293865e-20 3.58282651922e-20 3.7217376812e-20 7.35388591764e-20 1.92113508399e-20 -9.53474276589e-21 8.30434654529e-20 -3.6087298702e-20 
-4.73220237125e-09 3.87472931538e-09 8.41888872671e-10 5.47772067219e-10 4.97764848251e-08 4.69557962326e-08 5.41829679086e-08 -1.7542984728e-07 -8.59703843582e-06 1.95736642006e-05 6.98420177895e-05 0.000133406091712 0.0181091497605 0.00444786845094 0.00227187908174 -0.0153042098087 -0.990510639506 -0.134789644508 0.00980267281285 0.00354110412435 0.00494628776075 -2.07381775218e-06 -0.000417647421867 0.000147698961067 2.57141001573e-05 -2.10097088542e-06 -4.49308219104e-05 2.89256831758e-08 2.45688168022e-06 -1.04141562703e-06 -3.85461391539e-07 -1.66810692496e-08 9.33073563125e-09 -4.13853912873e-08 1.26316367826e-07 6.99565426931e-10 6.13824650976e-11 -3.45843034549e-11 7.28407760225e-13 1.02913006486e-12 -2.94372339449e-13 4.50140753873e-14 -1.49676698797e-13 -8.72696450787e-15 2.25812891428e-15 -4.06507100835e-17 -1.81642068902e-16 2.84443855016e-18 6.67160584665e-19 9.71053297455e-20 8.92129102487e-20 1.59963611938e-19 1.91025458052e-19 7.21669568387e-19 1.01528775338e-19 1.07254608271e-19 -4.57804273678e-21 1.93014656924e-21 -1.00592349949e-20 -1.62208162659e-20 1.06758501207e-21 5.2142838654e-21 7.11738309553e-21 3.91401444687e-20 4.30315092288e-20 -5.27413581422e-21 9.6449304793e-20 -8.2750073252e-20 -2.25809217411e-21 -1.6146529585e-21 -1.67725531045e-21 -3.31413584184e-21 -8.65787518316e-22 4.29697075006e-22 -3.74247476891e-21 1.62632669708e-21 
-7.44785626423e-06 8.10179598438e-07 6.15673662549e-07 -2.02112646957e-08 -2.79717418368e-06 -2.16638398946e-06 -1.03794351626e-06 -2.91797294499e-05 9.75697001421e-05 7.02941389226e-05 0.00824059383553 -0.00278000201696 0.000484784553535 -0.0270481746166 0.158262320131 -0.0491209595545 0.0100621628845 0.00382652141909 0.980299339794 -0.0800821635312 0.0266625855321 -0.010717307399 -0.0579101853195 0.000605332403479 0.0034605538837 -0.000576372204468 -0.00498127050493 1.70266858695e-05 -7.51877986022e-06 -9.14499448342e-05 -4.18423954441e-05 5.16283937807e-07 5.24490312926e-07 -4.65216409018e-06 1.39366677156e-05 6.5028969606e-08 1.36035078026e-08 -8.28598990733e-10 -1.82380840331e-10 -2.49751595128e-10 -2.3004444932e-11 1.67183779076e-10 -5.03167184531e-12 -1.90046445272e-13 -8.85790359375e-13 -2.28615782859e-12 -1.37617705621e-14 -5.69043551881e-15 -6.39327795311e-17 -2.13429735422e-15 -4.7156283046e-15 1.88868549064e-15 2.73362587386e-15 1.09036333111e-14 1.21032874871e-15 1.61272716824e-15 -6.67551352841e-17 2.94507897609e-17 -1.50882221468e-16 -2.43312295328e-16 1.60116142353e-17 7.8214099266e-17 1.06760580647e-16 5.87101217825e-16 6.45471594962e-16 -7.91119090614e-17 1.44673723175e-15 -1.24124909165e-15 -3.3871328326e-17 -2.42197554387e-17 -2.515878901e-17 -4.97119571721e-17 -1.2986791757e-17 6.44544570476e-18 -5.61370307371e-17 2.43948609973e-17 
6.33778844432e-09 1.82705081121e-09 4.94931264998e-10 1.17678424807e-09 7.54846181532e-08 8.95967186109e-08 9.58635771114e-08 -4.09816677911e-07 -1.55871757759e-05 1.01665978761e-05 0.000152431036468 9.80953486991e-05 0.0089968154148 0.0022314964959 0.00451903795806 -0.019779282453 -0.134367788494 0.990664023032 -0.00386977576323 0.00226708118249 -0.00351279018647 -0.000165232367773 5.85811657018e-05 -9.04849508051e-05 -8.14800180476e-06 -1.78488857544e-06 1.374699885e-05 -3.31450830331e-08 -1.22040049274e-06 5.31573212827e-07 1.57937726596e-07 -1.91133725832e-09 2.36339215254e-10 1.34912174259e-08 -4.59266802818e-08 -5.11888703879e-12 -9.19667628742e-11 -1.02051706085e-10 -7.47161772855e-12 -3.60743159978e-11 -8.21345535814e-13 -2.13210727426e-11 7.88645752855e-13 6.23752840124e-14 -1.13507659687e-13 -1.42652762557e-13 -1.08083569229e-16 -6.8518643723e-16 1.69616457997e-15 -2.1431030285e-16 -2.2208844904e-16 -2.65528159001e-16 -3.0821775201e-16 -1.15468038677e-15 -1.68083873253e-16 -1.71746965635e-16 7.36656607504e-18 -3.08297442175e-18 1.61142429505e-17 2.59846388105e-17 -1.7102316565e-18 -8.35288938544e-18 -1.14015148436e-17 -6.26995780075e-17 -6.89332526988e-17 8.44877027152e-18 -1.54504557571e-16 1.32559415429e-16 3.61729446506e-18 2.58655304445e-18 2.68683730403e-18 5.30899722605e-18 1.38692671414e-18 -6.88342509556e-19 5.99516408837e-18 -2.6052534784e-18 
-6.83549235252e-08 8.57658467194e-09 5.60671986308e-09 6.87530747543e-10 -7.06739709756e-08 -4.00730606217e-08 1.6613635507e-08 -7.92922316107e-07 -1.27752800057e-06 2.78388173498e-06 0.000481660266115 -1.14032681963e-05 -6.89442739944e-05 0.00118362861806 0.0116194679755 -0.0057438271111 0.00456032772521 -0.00161060057482 0.0760995113023 0.994785075886 -0.0220711493417 -0.0259460650636 -0.0562413863237 -0.00862559409285 0.00110580909754 -0.00311555954282 0.00309552639753 -6.05671427229e-05 -0.00021113980848 0.000295819035853 9.33043824047e-05 5.49341628539e-06 -2.0892640255e-06 4.98625779069e-06 -2.08140909543e-05 2.03405244211e-07 -6.91257045392e-08 -1.57768527064e-07 -1.39077565066e-08 -6.11954945268e-08 -1.26917662251e-09 -3.63988331168e-08 1.35044357347e-09 1.08708204317e-10 -1.92959013541e-10 -2.44138368814e-10 -8.84380414175e-14 -1.17433571127e-12 2.90890932342e-12 -3.67105465405e-13 -3.79884915392e-13 -4.55824181496e-13 -5.29225810009e-13 -1.98278990581e-12 -2.88547734241e-13 -2.94917862301e-13 1.26490832123e-14 -5.29408448923e-15 2.76707184462e-14 4.46197605493e-14 -2.93673941643e-15 -1.43432405621e-14 -1.95782157103e-14 -1.07665155025e-13 -1.18369366654e-13 1.45078833058e-14 -2.65308917086e-13 2.27625615127e-13 6.21147034364e-15 4.44152326636e-15 4.61372730182e-15 9.11639324432e-15 2.38157391854e-15 -1.18199364903e-15 1.02946509608e-14 -4.47363488791e-15 
3.29619643448e-08 -3.9568393016e-09 -3.41738352699e-09 1.43952789642e-10 -5.37310808685e-08 -4.82897619511e-08 -2.72952133365e-08 7.77671165133e-08 1.14107860656e-05 7.39710048916e-07 -2.24537839887e-05 -4.46087300042e-05 -2.39925703824e-05 -0.000627562091134 -0.000826519356553 0.00917718046935 0.00412265005453 0.00414019608676 -0.0247040995988 0.0241576784603 0.999334199683 0.00151978423628 -0.000469694918475 0.00386345070396 0.000471211779875 -0.000371229925889 0.000109738418373 -2.09624706481e-06 6.75740585253e-05 -5.0598559025e-06 1.16817893666e-06 4.73112928931e-07 -4.54781016442e-07 2.16816720598e-07 -3.07675330592e-07 6.54101764105e-10 3.72551178399e-10 7.36602687979e-10 -1.2000010366e-10 -1.90219983683e-10 -3.18236227036e-12 -1.09680635992e-10 3.4163280302e-13 2.60738578173e-13 -5.93975978244e-13 -8.40693666453e-13 8.72887794875e-16 -3.95429798899e-15 9.74535902227e-15 -1.24958377508e-15 -1.31891014085e-15 -1.50470298771e-15 -1.74142328028e-15 -6.51756394088e-15 -9.52373470411e-16 -9.69508851974e-16 4.16073729718e-17 -1.73984767589e-17 9.09688031411e-17 1.4668948837e-16 -9.65468930524e-18 -4.71540478463e-17 -6.436426436e-17 -3.53954037273e-16 -3.89144614211e-16 4.76953185721e-17 -8.72214991962e-16 7.48329442717e-16 2.04204879985e-17 1.46017074108e-17 1.51678359167e-17 2.99705526204e-17 7.82953132146e-18 -3.88585725812e-18 3.38441278327e-17 -1.47072758076e-17 
2.32157995415e-08 -2.57596949634e-09 -1.87779994931e-09 -6.20815189956e-11 1.70776900178e-08 1.10030572282e-08 7.57204793279e-10 1.49920372953e-07 -1.08541555073e-06 -4.51083413008e-07 -5.71802267477e-05 1.23831638929e-05 -1.97423918846e-06 5.386769174e-05 -0.00122563498266 -0.000128899774432 -0.000187255042263 -0.000177477571678 -0.0128961426792 -0.0253245635564 0.00193030331117 -0.998851764446 -7.97557086487e-05 -0.0326169967603 0.0203837940904 -0.000619513684711 0.00121396652834 0.000125467709521 -0.000969799709582 -5.56440387731e-06 9.46312053559e-06 5.0266244409e-05 -2.35673324403e-05 4.13807128667e-06 -1.79861092273e-06 -1.3974238485e-07 1.58861347637e-07 8.81029558322e-08 -5.64814627709e-09 -7.67735574731e-10 5.48056394012e-10 5.6217339921e-10 1.44498253195e-10 1.4239047526e-11 -2.48095776258e-12 -6.8508845664e-12 3.81179041951e-13 -3.40653598464e-14 6.6634652695e-14 -9.85844469638e-15 -1.16257732669e-14 -9.5923631864e-15 -1.08185538996e-14 -4.01431786811e-14 -6.05722637457e-15 -5.97600029631e-15 2.57715572931e-16 -1.0700607513e-16 5.60947906342e-16 9.04530804738e-16 -5.95351340591e-17 -2.90767890362e-16 -3.96891654434e-16 -2.18259958887e-15 -2.3995965172e-15 2.94105370433e-16 -5.37837087699e-15 4.61445092666e-15 1.2591959142e-16 9.00390355632e-17 9.35299753729e-17 1.84808503747e-16 4.82795224616e-17 -2.39615022386e-17 2.08694270491e-16 -9.06900071767e-17 
-4.38105743995e-08 5.44734391285e-09 3.43695471067e-09 -2.14924126684e-10 -1.79035353526e-08 -1.7331740822e-08 -5.47834993356e-09 -8.50891231675e-09 3.18862964558e-06 -1.18941831766e-06 6.47537465289e-07 0.000143817836473 -2.29076090172e-05 0.00350162388599 0.00012573442705 0.0003774793306 0.000155325319359 7.35572012117e-05 -0.00018324303565 0.0077932266212 -0.00401068990025 -0.0327089291932 0.000534134454226 0.99878239385 0.00757476206411 0.000864843597039 -0.0105777652534 -0.00124226610128 0.033112799223 -0.00243450458658 -0.000247166463681 -0.000476307057288 -8.51360587718e-05 6.90779977414e-05 6.79731384115e-05 1.25165101219e-05 -2.76431768131e-06 -7.4296736678e-07 1.96490127067e-09 1.2314973644e-07 -7.36451048589e-09 6.14581887717e-09 -1.1212953368e-08 -6.26887037056e-10 3.88878750171e-10 4.48000352845e-10 -5.53837651958e-12 2.62125129242e-12 -7.09708863682e-12 7.66810066489e-13 6.36133367568e-13 1.22774839602e-12 1.4578191468e-12 5.50156285007e-12 7.77265851861e-13 8.17729135699e-13 -3.49254972269e-14 1.47122830437e-14 -7.66969352695e-14 -1.23675706842e-13 8.13983733715e-15 3.97564378671e-14 5.42666518231e-14 2.98424945864e-13 3.28094747402e-13 -4.02127718014e-14 7.35379977994e-13 -6.30929866838e-13 -1.72168764011e-14 -1.23109591412e-14 -1.27882722909e-14 -2.52687061759e-14 -6.60121716622e-15 3.27623538702e-15 -2.85345863189e-14 1.23999659018e-14 
-3.20982641628e-08 3.31938795172e-09 2.7672608398e-09 1.93018572723e-10 -1.75815924827e-08 -6.56569353198e-09 5.22263557529e-09 -3.03457403452e-07 -1.10314953708e-06 1.21606380272e-06 0.000120829710738 -8.06155833552e-05 7.5396349904e-06 -0.00158323176003 0.00262080262536 -0.00141847535372 0.000395784596204 8.61922748775e-05 0.0623492673102 0.0516204826846 0.000803346788973 -0.00217534887657 0.994987213018 -0.00129715327187 0.00167693167675 0.0560971495749 -0.0165686834121 2.82674098363e-05 0.00219435855951 -0.000732896887831 -0.00034810113629 -7.47027201175e-05 -1.19011732277e-05 -9.15193992561e-06 6.50146645254e-05 6.78089313826e-07 6.99001114686e-07 -4.05769839715e-07 -4.7731647692e-08 -5.82118933312e-08 1.75489133432e-08 -1.72429803629e-07 6.62428735764e-09 6.38256124064e-10 -2.81746323698e-10 -4.36990385972e-10 1.45303943473e-11 -2.9505885453e-12 9.16435775206e-12 -8.50940692541e-13 -5.16168936648e-13 -1.72202394641e-12 -2.07882905252e-12 -7.88583458602e-12 -1.09267693681e-12 -1.17161006332e-12 4.9896725516e-14 -2.11035091138e-14 1.09863342637e-13 1.77159538129e-13 -1.16597365263e-14 -5.69486758602e-14 -7.77337419698e-14 -4.27475884419e-13 -4.69976100314e-13 5.7602389872e-14 -1.05338782903e-12 9.03769293755e-13 2.46621462581e-14 1.76347128827e-14 1.83184351473e-14 3.61959099929e-14 9.45584869907e-15 -4.69301121935e-15 4.08740880105e-14 -1.77622094058e-14 
-2.150168884e-08 2.66610408326e-09 1.70759001904e-09 -1.10631714087e-10 -6.75494354584e-09 -6.78376683209e-09 -2.03550439685e-09 -1.8694921631e-09 1.24235007894e-06 -5.8621752916e-07 -2.498548681e-06 6.88951820813e-05 -1.07153239358e-05 0.00166662367764 -6.90601588292e-06 6.03108042613e-05 -4.97933298005e-06 -5.57143240685e-06 -0.0032142894417 -0.000520079167471 -0.000547888082714 0.020688759543 -0.000939758037539 -0.00588768474481 0.999177737235 -0.000781260517604 0.0230390192222 0.00628891411937 -0.023437997955 -0.00581070790019 -0.000187949149959 0.00310927421192 -0.00165313626987 0.000286642496066 9.35445320978e-05 -1.49642995582e-06 9.62613796415e-06 5.60489709074e-06 -3.83764944544e-07 1.03813368761e-07 4.19482511103e-08 4.10832457e-08 3.69350881005e-09 7.08475789381e-10 2.57673301741e-10 -6.50657179714e-11 2.89541388172e-11 -5.1296369393e-13 6.59031938279e-13 -1.07739899318e-13 -1.24323204602e-13 -1.10881547951e-13 -1.26077714025e-13 -4.6907218537e-13 -7.01437438901e-14 -6.98146237854e-14 3.00638931961e-15 -1.25070935568e-15 6.55252672317e-15 1.05660803456e-14 -6.95439828885e-16 -3.39651316408e-15 -4.63616809549e-15 -2.54953646994e-14 -2.80301474621e-14 3.43550125856e-15 -6.28257823585e-14 5.39022868663e-14 1.47089095071e-15 1.05176327201e-15 1.09254159506e-15 2.15878359472e-15 5.63962366176e-16 -2.79898906425e-16 2.43779782391e-15 -1.05936737788e-15 
-3.09753927281e-10 4.10337043947e-11 2.41806922959e-11 -5.59352882218e-12 1.51806381745e-10 2.32588214325e-11 -9.51144742772e-11 2.99818873087e-09 2.95465152872e-08 -1.77701029499e-08 -2.09243915731e-06 1.75829604156e-06 -2.02777514029e-07 4.15714695064e-05 -4.99115725334e-05 3.7265184015e-05 -3.40870730864e-06 -4.90111545071e-06 -0.00283555236227 0.0001931420024 0.000275772069573 -0.000545642690092 -0.056437327017 -0.00112665004255 0.00128301615468 0.998156078115 -0.0193701787318 -0.0101965528925 0.0015478595619 0.00225464390402 -0.00109738712875 8.90621939025e-05 9.31106887482e-05 -1.501228148e-05 -9.14000961354e-05 -0.000128456808051 1.22916046793e-05 1.94690827723e-05 1.95583195032e-06 -9.86466593027e-07 -7.23551774831e-08 -1.64645827292e-06 -8.87482963403e-08 -1.25361205271e-08 4.4293510854e-09 2.9522432574e-08 -1.50947943869e-10 1.42317550841e-10 -3.57187703147e-10 4.48245387262e-11 4.6283615445e-11 5.52878464369e-11 6.41213648183e-11 2.40157496688e-10 3.49541140285e-11 3.57206375379e-11 -1.53224078353e-12 6.41326972772e-13 -3.35150955658e-12 -5.40435622841e-12 3.55699932418e-13 1.73727062771e-12 2.37133537567e-12 1.30405252622e-11 1.43370314753e-11 -1.75721123285e-12 3.21345159504e-11 -2.75702717959e-11 -7.52340291414e-13 -5.37962310087e-13 -5.58819864532e-13 -1.10418785685e-12 -2.88458925618e-13 1.43164406738e-13 -1.2468997615e-12 5.41851714731e-13 
4.65698932031e-11 -9.89828163975e-12 -4.31856414719e-12 6.28739180169e-12 -4.83673576119e-10 -2.79739191311e-10 6.406509956e-11 -4.38444910102e-09 -7.8771976361e-10 6.48720936463e-09 3.30711666137e-06 -8.20915952891e-07 1.93171253137e-07 -2.17167995323e-05 7.9619380462e-05 -2.38441138463e-05 -3.03210332866e-06 1.37160665391e-05 0.00582333706438 -0.00251798354806 7.98132616111e-05 0.000388373508539 0.0152743386214 0.0100248382162 -0.0214112522683 0.019632270087 0.993266511502 -0.0327331277124 0.0262454071535 0.0974185473487 0.0300233819926 0.000118030112413 -0.000269439604322 0.00167554042134 -0.00697120196633 -2.54593255565e-06 -1.83383036407e-05 -4.21523771676e-05 -3.30865923645e-06 -2.13751359236e-05 -4.23771490988e-07 -1.40134984921e-05 3.8199531803e-07 2.74919461646e-08 -6.18528188659e-08 -6.05912483737e-08 -1.02918299486e-10 -2.87019379851e-10 6.94539193425e-10 -8.96708932779e-11 -9.49643151056e-11 -1.07917869947e-10 -1.24911281139e-10 -4.67514660535e-10 -6.83433420101e-11 -6.95452125115e-11 2.9846482594e-12 -1.24789776739e-12 6.52543615931e-12 1.05224663466e-11 -6.9255812643e-13 -3.38248536464e-12 -4.61702159644e-12 -2.53900728039e-11 -2.79143873069e-11 3.42131316592e-12 -6.25663216041e-11 5.36796787815e-11 1.46481641055e-12 1.04741965815e-12 1.08802956855e-12 2.14986815164e-12 5.61633288657e-13 -2.787429674e-13 2.42773009648e-12 -1.05499235463e-12 
4.39273259041e-10 -5.37305657126e-11 -3.44348448227e-11 1.3984068845e-12 2.35168659679e-10 2.03419040904e-10 5.10098646015e-11 6.68066673507e-10 -3.26433137474e-08 8.88358813741e-09 -3.25382623934e-07 -1.19969874033e-06 1.95982472972e-07 -2.98571795585e-05 -8.47377935442e-06 -2.62339998583e-06 -3.08554118873e-06 -2.2296563391e-06 -0.000318747859783 -0.000134658143136 4.58602815805e-05 0.000589275162227 -0.0025236952283 -0.0335337378879 0.0234463276593 -0.00195596959575 -0.0204815747998 0.0103379598555 0.996670594843 -0.0434482621092 -0.010214677819 -0.0479110180543 -0.0112206976973 0.00333920480368 0.00332448377126 0.000797686468694 -0.000384820352243 -4.71464220058e-05 1.28647583211e-05 1.06215263785e-05 -2.03023805027e-06 8.08978894305e-06 -1.38275841939e-06 -9.59319547602e-08 5.10477121848e-08 1.55817038494e-07 -1.50512486898e-09 5.05175451514e-10 -4.81601524644e-10 1.69880490931e-10 3.01459981457e-10 -1.41956983348e-11 -4.29972385012e-11 -1.93848824919e-10 -9.46157783703e-12 -2.83821128037e-11 1.09759294449e-12 -5.34884407101e-13 2.64138751799e-12 4.25972043103e-12 -2.80242393086e-13 -1.36935822301e-12 -1.86913952296e-12 -1.02788361299e-11 -1.13007715843e-11 1.38507354847e-12 -2.53291503825e-11 2.17315101261e-11 5.93011549973e-13 4.24034009204e-13 4.40474419623e-13 8.70345781377e-13 2.27369833274e-13 -1.12845414569e-13 9.8283451983e-13 -4.27099744933e-13 
1.89156658608e-11 -2.21836120711e-12 -1.43571635785e-12 -3.07264594205e-13 3.97319945924e-11 2.62947067708e-11 -1.98029708298e-12 2.93239868093e-10 -1.42320357449e-09 -1.50189437302e-10 -2.14230146964e-07 -1.68405371572e-08 6.89706843423e-09 -4.8634597959e-07 -5.21563912133e-06 1.35927296669e-06 -4.96686152749e-07 -6.31767270221e-07 -0.000292418485239 3.66806651647e-07 -4.55185998938e-06 5.16053229435e-05 -0.000121495770706 -0.00191431724564 0.0092592230736 -0.0115598547337 -0.0570660615597 -0.966558380871 0.0198983345591 0.245691580122 0.0298834679542 0.00569342323136 -0.00218535046367 -0.00196850825997 -0.0199521544692 -0.0131568456019 0.00268151253641 0.00349261787927 0.000264030595512 -0.000150839077487 2.29226615079e-05 -0.000415451478113 -2.44348481082e-05 -2.69974043051e-06 1.04903899312e-06 5.70305042821e-06 -8.69207448909e-09 3.2973091807e-08 -9.89877741938e-08 1.00873933949e-08 7.70300335109e-09 1.73023504717e-08 2.06496433448e-08 7.80542654714e-08 1.09545483034e-08 1.15998869976e-08 -4.94973092572e-10 2.08803286712e-10 -1.08790003013e-09 -1.75426585599e-09 1.15458301713e-10 5.63921966795e-10 7.69740837266e-10 4.23298403865e-09 4.65383289236e-09 -5.70394746421e-10 1.04309366664e-08 -8.94937267545e-09 -2.44211362944e-10 -1.74623784501e-10 -1.81394193847e-10 -3.58421879446e-10 -9.36344206482e-11 4.64714907154e-11 -4.04746486977e-10 1.75886293967e-10 
9.06493438348e-12 -9.40619639465e-13 -6.8407541006e-13 -5.60779101494e-13 4.82012427654e-11 2.85339824462e-11 -7.32672433473e-12 4.42389667782e-10 7.56730215855e-11 -7.71686512749e-10 -3.25627898219e-07 4.0143808255e-08 1.76814447687e-09 8.70279687481e-07 -7.89693942009e-06 2.74969085631e-06 -6.29042163041e-07 -7.84564910344e-07 -0.000437865712271 -9.45951728374e-06 -3.71606019054e-06 1.65780900284e-05 -0.000757021492362 0.000363879714624 0.00691589359508 -0.00125222574707 -0.0906998328488 0.252879629613 0.0390271250702 0.945496823432 0.162963085887 0.0117772149252 0.00519749017939 0.019979542442 -0.0703135670244 0.0138258120433 0.00107604181339 -0.00531682009776 -0.000569537221719 -0.000750792427602 4.4200329333e-05 -0.000664648335912 5.50025545023e-05 5.30051406033e-06 -3.80138871424e-06 -8.65830592722e-06 6.2228924429e-08 -4.50913440188e-08 1.2031779299e-07 -1.38821066006e-08 -1.28579101128e-08 -1.98813537731e-08 -2.33945708997e-08 -8.80312295846e-08 -1.25874002665e-08 -1.30882375947e-08 5.59946557086e-10 -2.35262301134e-10 1.22775134097e-09 1.9797810173e-09 -1.30302021382e-10 -6.36412661429e-10 -8.68689353388e-10 -4.77712470547e-09 -5.25207274106e-09 6.43717718712e-10 -1.17718103231e-08 1.00997945882e-08 2.75604193583e-10 1.97071284483e-10 2.04712013581e-10 4.04496212791e-10 1.05670916892e-10 -5.24453008573e-11 4.56775745969e-10 -1.9849608462e-10 
5.96221066736e-13 -7.2691675556e-14 -3.57888603684e-14 -5.28057738193e-14 5.0222037703e-12 3.1853005922e-12 -5.38035364755e-13 3.94520415921e-11 -7.89543808415e-11 -3.79359002842e-11 -3.17651525132e-08 4.68203748326e-10 6.22630991896e-10 8.96125047681e-09 -7.79248990621e-07 2.32156591531e-07 -6.26607889497e-08 -8.51011277423e-08 -4.51536696975e-05 -2.50983113251e-07 3.88447765456e-07 -4.23492493734e-06 -7.27857520318e-05 -0.000464389251117 -0.000454352465889 0.00106544022917 -0.0137413677191 -0.0108040559692 0.00505320876233 -0.167817804415 0.983901475349 0.0512180530603 -0.00664062685221 -0.0206651724167 0.00382881512222 -0.0181215195628 0.000261932549163 0.00214218838993 0.000516058012932 -5.65873291664e-05 -5.33462432135e-05 -5.79123245439e-05 -1.00256401141e-05 -2.20563089316e-06 1.16337475847e-06 6.9514455448e-06 -5.04588406178e-08 2.53419518451e-08 -3.1962091085e-08 7.48168135418e-09 9.45672054034e-09 1.28615710912e-08 1.56806060473e-08 5.97276389417e-08 8.7430713891e-09 8.88960858956e-09 -3.79456949777e-10 1.57898795945e-10 -8.33940461749e-10 -1.34537058514e-09 8.85284775718e-11 4.32265638333e-10 5.9005999673e-10 3.24485717472e-09 3.56746510523e-09 -4.37244186643e-10 7.99598955316e-09 -6.86027501479e-09 -1.87203638894e-10 -1.33860574873e-10 -1.39050362755e-10 -2.74753572953e-10 -7.17766726585e-11 3.56210677576e-11 -3.10264261114e-10 1.34828496452e-10 
-4.89609619658e-12 6.04369731752e-13 3.78397225296e-13 -2.97072452905e-14 -2.08226103827e-12 -2.13890634131e-12 -9.88151411504e-13 3.28644263669e-12 4.80286244343e-10 -1.26396287916e-10 -4.01567647704e-09 1.56141853641e-08 -2.18267118854e-09 3.86370827587e-07 -9.20043761291e-08 1.71134098795e-07 3.67079850844e-08 2.90261532566e-08 -6.36470520877e-06 1.08833196632e-06 -1.40774133884e-06 -3.06422814074e-06 2.41760646922e-05 0.00108000668629 0.00131037568168 0.000173912930285 -0.000918071875875 0.000343947096317 -0.0449477394795 0.0152198431705 0.0405002817166 -0.88974093556 -0.362976824032 -0.266588531861 0.0184525443754 -0.0279618994844 -0.0178756304967 0.00492312064136 -0.013025325593 0.000346593735291 3.55235627194e-05 0.00269787986122 7.5750720114e-05 6.54860965348e-05 -7.22154750542e-05 -0.000367321764944 1.09207917232e-06 -3.33184908346e-06 1.88134971664e-06 3.50689714424e-07 4.18787499958e-06 -1.55649267418e-05 -2.04134853112e-05 -7.94378976175e-05 -1.07061080941e-05 -1.1801155353e-05 4.97750853951e-07 -2.10787649308e-07 1.10600865215e-06 1.78433810177e-06 -1.17406773403e-07 -5.73298283304e-07 -7.82576198652e-07 -4.30354131024e-06 -4.7314049965e-06 5.79901755778e-07 -1.0604803051e-05 9.09854434219e-06 2.48281673865e-07 1.7753463242e-07 1.84417661873e-07 3.64396113403e-07 9.5194900321e-08 -4.72429069035e-08 4.11492700804e-07 -1.78818357026e-07 
-2.82408248894e-13 3.45402119011e-14 2.01049734899e-14 8.7930170431e-15 -9.93689772093e-13 -6.54643327616e-13 7.24217473811e-14 -7.29591884027e-12 2.84354386067e-11 2.38995489155e-12 5.83474347342e-09 4.41632600436e-10 -2.89004696155e-10 1.12021387526e-08 1.44943649786e-07 -7.13416030895e-08 1.58910580903e-08 1.82910831501e-08 8.47362889158e-06 -1.87764347583e-07 7.13160405908e-07 -1.41544854767e-05 5.02837966217e-07 2.60799275164e-05 -0.0023236314543 7.55508088041e-05 -0.000175450317169 0.00130588751095 -0.000497319317135 -0.00390803194079 -0.0102499999072 0.229454562339 -0.873712886195 0.426969872603 0.0158743840823 -0.0350525319664 0.00222913734169 0.0074433501157 -0.00206766496585 0.000103952897906 -4.07361655171e-05 0.000249014130193 -2.68231492327e-06 5.60737772593e-06 -5.06316137107e-06 -3.55283487414e-05 2.88514763492e-08 -9.44920803376e-08 1.41126128528e-07 -4.78195747118e-08 -1.16052242673e-07 1.5166840771e-07 2.05538821107e-07 8.07080897994e-07 1.0467255806e-07 1.19799110029e-07 -5.02704086886e-09 2.14564292501e-09 -1.12229238338e-08 -1.81060770961e-08 1.19132980982e-09 5.81743128265e-09 7.94103215419e-09 4.36693106651e-08 4.80109704569e-08 -5.88443513591e-09 1.07610083502e-07 -9.23256293362e-08 -2.51938761616e-09 -1.80149656535e-09 -1.8713407108e-09 -3.69763549499e-09 -9.65970849831e-10 4.79387086212e-10 -4.17553848959e-09 1.81452300586e-09 
-1.0839105859e-13 1.35904591888e-14 8.91783679492e-15 -7.02618832048e-16 2.02674068601e-15 -5.47354702915e-15 4.69101089097e-16 7.633445219e-14 1.05233560417e-12 -3.32985234457e-12 -6.55366263779e-11 3.65506324496e-10 -6.85602498653e-11 8.67547318669e-09 -1.00249005554e-09 -5.8398426922e-09 -1.80254572898e-09 -2.63361155793e-09 -8.93038203412e-08 1.95041556043e-08 8.45545456462e-08 -3.74328018022e-07 -4.09147725214e-06 -8.06505418069e-05 -0.000200226365662 -1.71900765493e-05 -0.000117555284571 0.0184205902728 0.00591566719436 0.0101660552598 -0.0247991335727 0.094036013701 -0.0280136180158 -0.186471784361 -0.0878205956561 -0.965948613581 0.0452623585584 0.106933453287 0.0154544030534 -0.00256494269549 -0.00195618824787 -0.00246206432505 -0.000223597882758 -6.25047592931e-05 2.96370009276e-05 0.00018142757768 -1.72286457889e-06 6.17183645051e-07 -7.90356346091e-07 2.08501662172e-07 3.42609533999e-07 2.83958950952e-08 5.4705698203e-09 -1.31733816976e-08 1.71543678021e-08 -1.50067175385e-09 -5.82621895001e-11 -5.20998705095e-11 1.18879486051e-10 1.92320349746e-10 -1.25299962148e-11 -6.18040437507e-11 -8.43652463319e-11 -4.6394109481e-10 -5.10066733373e-10 6.25160165434e-11 -1.14324545403e-09 9.80863991796e-10 2.67658806233e-11 1.91390314751e-11 1.98810531476e-11 3.92835395763e-11 1.02624381718e-11 -5.09299614892e-12 4.43607633287e-11 -1.92774231261e-11 
6.51351217261e-14 -7.92813615326e-15 -4.57262045458e-15 -1.76444354646e-15 2.16185910313e-13 1.45638543098e-13 -8.7914585464e-15 1.47954959943e-12 -8.48349717699e-12 -4.05559361393e-13 -1.17302170571e-09 -1.10247637912e-10 3.80351922451e-11 -2.85072366267e-09 -2.8764097853e-08 6.23044257339e-09 -2.8677925665e-09 -3.89019695475e-09 -1.6748027715e-06 1.5907977824e-08 9.87743434862e-09 4.57263493659e-08 -1.90306783436e-06 -2.00620058338e-05 -8.3594295198e-06 -2.80449752721e-05 -0.000269087813277 -0.00134448317969 0.00118529167494 0.00582135511095 -0.00174763465523 0.0291601370759 -0.00301393967635 -0.0216511319738 0.0441619137946 -0.0403381233181 -0.995344840737 0.0194175443911 0.0533791298371 -0.0280501334959 -0.0169299127476 -0.00369300208221 -0.00539523248629 -0.000441550033953 6.52042825736e-06 0.000255363752202 -1.18108435786e-05 9.82410136708e-07 -1.0670447527e-06 2.97462956105e-07 4.86970971374e-07 5.00274649362e-08 2.02738913835e-08 2.96969725931e-08 3.10342631617e-08 5.06341587902e-09 -3.87122486771e-10 5.42909685962e-11 -5.0562335644e-10 -8.14982015778e-10 5.38018837711e-11 2.61827777045e-10 3.57406110497e-10 1.96544668787e-09 2.16085394995e-09 -2.64843912744e-10 4.84326123719e-09 -4.15534611301e-09 -1.13391665278e-10 -8.10808777904e-11 -8.42244252811e-11 -1.66421356146e-10 -4.3476049383e-11 2.15775032879e-11 -1.879306775e-10 8.16669970406e-11 
1.52449884163e-13 -1.82073856695e-14 -1.03811656453e-14 2.74386519728e-15 5.4835514419e-14 1.00601238439e-13 1.26202659931e-13 -1.48183068482e-12 -4.53509175058e-11 3.9429553831e-12 1.32848874558e-09 -5.0338547488e-10 -2.26398159793e-11 -1.36377481417e-08 3.39454553806e-08 -4.72931195534e-08 -5.74445123134e-09 -6.30346120051e-09 2.01117863258e-06 -1.05210902482e-07 5.07702368081e-07 -3.34356885201e-06 -1.1091889449e-05 -0.00032224321885 -0.00102425062426 -2.08220638633e-05 0.000489021564496 0.00497826253627 0.0171646162915 0.0111918384019 -0.03307164936 0.371070637992 -0.321960187216 -0.838701893755 -0.0553070387101 0.211959964952 0.0220335950061 -0.0332288565799 0.0636308411777 -0.00274201202215 0.00107975247555 -0.00728695693149 -2.49434488367e-05 -0.000181888815579 0.000173032359291 0.00113950878611 -1.26141661281e-06 3.73701300568e-06 -4.64985190335e-06 1.28046883111e-06 2.10828637074e-06 2.67385389513e-07 1.58667790109e-07 4.07763463702e-07 1.73780525212e-07 6.34585466654e-08 -3.42595438131e-09 9.64233478046e-10 -6.08332097155e-09 -9.81467724046e-09 6.46454053692e-10 3.15206687974e-09 4.302864813e-09 2.36621843672e-08 2.60147093553e-08 -3.18847815577e-09 5.83084404831e-08 -5.00265729188e-08 -1.36513369337e-09 -9.76140472043e-10 -1.01398529151e-09 -2.00356093849e-09 -5.23411883526e-10 2.59773505727e-10 -2.26251368989e-09 9.83196028723e-10 
6.02822032136e-14 -6.93480953216e-15 -2.19410402474e-15 -1.34134192793e-14 1.18830867968e-12 7.38428962099e-13 -1.48553475542e-13 9.70406666533e-12 -1.06256912598e-11 -1.12820493547e-11 -7.82286237642e-09 4.09882329814e-10 1.10132467873e-10 9.70201036901e-09 -1.9181748968e-07 6.176170878e-08 -1.44408114359e-08 -2.10980397785e-08 -1.12370007535e-05 1.82138665122e-07 -1.25577362e-07 1.22259808515e-06 -1.2177935651e-05 5.84062641888e-05 0.000291424014292 -9.80534202216e-05 -0.000439107548495 0.000336402860817 0.00231043950648 0.0746427177669 0.00401100923233 0.0423513839498 0.000624390426352 -0.0640197407737 0.98853065985 -0.0648722475575 0.0492281429788 0.0526044094456 -0.00859631624083 0.0267916450243 0.000524873605695 0.0336181667758 6.50931516053e-05 2.43451658218e-05 3.98352954827e-05 -0.000132139697375 5.13855502991e-07 -5.22030674424e-07 2.38267335272e-07 -8.55057097454e-08 5.22728520945e-08 -9.52859742991e-07 -1.23472309733e-06 -4.7901941917e-06 -6.57772543729e-07 -7.11951923609e-07 3.00931551879e-08 -1.26900290516e-08 6.67369239796e-08 1.076713637e-07 -7.08455880242e-09 -3.45928183105e-08 -4.72208254192e-08 -2.59676524207e-07 -2.85493903216e-07 3.49914074483e-08 -6.39895883614e-07 5.49007941121e-07 1.49814067119e-08 1.07124766183e-08 1.11278043954e-08 2.19877340927e-08 5.74409341518e-09 -2.85083874098e-09 2.48295644661e-08 -1.0789914597e-08 
2.46828783665e-15 -3.06927373332e-16 -1.98131350122e-16 3.34206330825e-17 -8.4487424472e-16 -1.76573919439e-16 5.38647315102e-16 -1.45376649187e-14 -1.62784628693e-13 8.49199969509e-14 1.22366847663e-11 -8.82771745789e-12 1.05919795564e-12 -2.14866508649e-10 2.94714793107e-10 -1.29130972434e-10 2.12911331907e-11 3.66773590433e-11 1.78290882443e-08 -8.11182796419e-10 6.07724392622e-10 -8.4225288507e-09 8.35525899116e-08 -1.97798232562e-06 -1.43334732193e-06 8.42182906716e-07 -6.91723416201e-05 2.07033632992e-05 -3.91078489489e-05 -0.00166229677943 2.04744588774e-05 -0.0013863771929 0.000939416791063 0.00368593468804 -0.0348717655359 0.00975960987512 0.0035797465374 0.0675129480876 0.14582209639 -0.00395683739499 -0.00532615536193 0.98629094262 0.00440148928007 -0.000154299258771 -0.000177187678026 -0.00116390032007 2.09654532064e-06 -7.05821600125e-06 4.32552729177e-06 5.17729343446e-08 6.08551685248e-06 -2.63696330829e-05 -3.45034031687e-05 -0.000134188336048 -1.81436825076e-05 -1.99363261934e-05 8.41205599383e-07 -3.5598042282e-07 1.86850203385e-06 3.01449176704e-06 -1.9834894597e-07 -9.68535016683e-07 -1.32209154755e-06 -7.27044237452e-06 -7.99327925223e-06 9.79692016602e-07 -1.79158520272e-05 1.53711646699e-05 4.19450482502e-07 2.99928686966e-07 3.11557081828e-07 6.15614200855e-07 1.60823551028e-07 -7.98179923345e-08 6.95179972056e-07 -3.0209682266e-07 
-1.59319248847e-14 1.95786214963e-15 1.23920454632e-15 -3.43155800643e-16 1.09889278478e-14 3.08065200964e-15 -7.67340808184e-15 1.86117050603e-13 2.13607107818e-12 -6.04183828506e-13 -1.56748260967e-10 5.97898891361e-11 -4.80850673246e-12 1.49776291732e-09 -3.83298280227e-09 1.93969764459e-09 -6.1608167274e-11 -2.1683923596e-10 -2.2663301407e-07 4.00544757615e-09 3.12689277491e-09 -8.96034291087e-08 -7.34183347405e-07 2.17506263734e-06 -1.02921610127e-05 1.86417107735e-05 -0.00014995405385 0.00294899320837 5.56179243357e-05 -0.000130649055051 0.000117840978023 -0.000735262299169 0.00173576338654 -0.00191348701943 -0.0427197739015 0.115430282733 0.0164159774452 0.986641762447 0.0666804035098 0.00698228673996 0.001315826689 -0.0800033736739 -0.0142146881006 -0.0012320588714 0.000463800222526 0.00153534851473 -7.37003863624e-06 1.10649015923e-05 -3.73801820879e-05 3.20427303867e-06 1.45262745766e-06 7.6203124969e-06 9.29395302911e-06 3.53716823701e-05 4.85986428379e-06 5.2544203668e-06 -2.23427277919e-07 9.46374418225e-08 -4.92658147664e-07 -7.94458763676e-07 5.22861564846e-08 2.55373875386e-07 3.4858100049e-07 1.91692703141e-06 2.10751044195e-06 -2.58305969549e-07 4.72369942698e-06 -4.05276612464e-06 -1.10592282783e-07 -7.90792202494e-08 -8.21452253693e-08 -1.62313056026e-07 -4.2402789312e-08 2.10447782072e-08 -1.83291373111e-07 7.96509532765e-08 
8.41917883399e-14 -1.03535229371e-14 -6.42530502342e-15 7.28032140418e-16 2.74808330037e-14 3.44784361874e-14 2.46974502763e-14 -2.16494974412e-13 -1.03464662153e-11 2.25824584603e-12 2.04452452555e-10 -2.73662342694e-10 3.09227914205e-11 -6.85136145211e-09 5.00739523299e-09 -6.21050975016e-09 -8.68894011598e-10 -7.41152889309e-10 3.09609016393e-07 -2.48054232378e-08 5.57178845054e-08 -1.62717780913e-07 -1.01298197046e-06 -3.97838230034e-05 -8.77698004679e-05 -3.26305892146e-06 3.48585844291e-05 0.000321291559875 0.0018420561364 -0.000525937242683 -0.00273802068204 0.0377892975849 -0.0145753320221 -0.0548082297108 -0.0208128596327 0.00655032561467 -0.0516945615827 0.0766293099862 -0.981521499831 0.0497658521795 -0.015595923085 0.139576948181 0.00856731356564 0.00423631402591 -0.00461774697745 -0.0244945716659 5.6576356798e-05 -0.000203790042173 0.000124315660581 1.6530606658e-05 0.00023634763625 -0.000901668562098 -0.00118196245443 -0.00459890471866 -0.000620143548855 -0.000683213179846 2.88188582125e-05 -1.22028775613e-05 6.40313818688e-05 0.000103302634935 -6.79716127619e-06 -3.31905884815e-05 -4.53065445278e-05 -0.000249149650013 -0.000273920433075 3.35728936569e-05 -0.000613955525869 0.000526752033795 1.43740501723e-05 1.02782079344e-05 1.067669552e-05 2.10963852117e-05 5.51122529946e-06 -2.73511511263e-06 2.38230017233e-05 -1.03525247432e-05 
-2.32999363079e-15 2.8684271947e-16 1.78292988488e-16 -1.63944374801e-17 -9.82104907849e-16 -1.06326605192e-15 -5.90486545578e-16 3.2715714816e-15 2.67045620904e-13 -6.01129185229e-14 -3.40120758438e-12 7.45018167875e-12 -9.38315896159e-13 1.85858902666e-10 -8.21069275348e-11 1.30092360013e-10 2.40029548903e-11 2.10904682614e-11 -5.26043252552e-09 5.96050685132e-10 -1.17180372615e-09 1.04382792665e-09 2.54969165908e-08 8.75610754007e-07 1.58259271398e-06 6.52256409981e-08 -1.22715132775e-06 -1.88791169833e-05 -4.20903897312e-05 -1.20816856142e-05 4.38013901505e-05 -0.000885812569062 -5.45401919978e-06 0.000601771167325 -0.000126738383547 0.00264168650995 0.0173844800209 -0.00188739132877 0.0140481627277 0.0187865703053 -0.997279030724 -0.00706754965979 -0.0651093289868 -0.0166661204848 0.00157750411028 -0.000567361973182 -0.000689095965571 9.41704438158e-06 1.19863610538e-05 -3.80680339626e-06 -1.89595850542e-05 5.66364499442e-05 7.47559734385e-05 0.000291386196281 3.90956859311e-05 4.32839669597e-05 -1.82415792886e-06 7.73069294908e-07 -4.05638515102e-06 -6.54431706721e-06 4.30602832931e-07 2.10262341134e-06 2.87017259025e-06 1.5783629058e-05 1.73528618429e-05 -2.1269570811e-06 3.88940759113e-05 -3.3369732383e-05 -9.10795632994e-07 -6.51131345351e-07 -6.76401010714e-07 -1.3364643664e-06 -3.49208506729e-07 1.74224006187e-07 -1.50925953909e-06 6.55733510828e-07 
9.50609271132e-18 -1.59677007827e-18 -2.37964095674e-18 6.88881359013e-18 -6.07730212527e-16 -3.80301311646e-16 6.3388863098e-17 -4.84969665821e-15 9.01064833753e-15 7.05932839225e-15 3.90624889114e-12 -3.49285329322e-13 -8.61954168802e-14 -8.08559203583e-12 9.63990692389e-11 -4.57744676061e-11 1.17404595357e-11 1.4610873432e-11 5.68314951276e-09 -1.65429670206e-10 4.31614612752e-10 -9.50827686835e-09 3.65422100356e-08 -1.23415894856e-06 -1.49976066741e-06 4.81191655939e-07 -4.85665853128e-05 2.01336072917e-05 -1.59549904505e-05 -0.000968823330649 -1.04377635747e-05 -0.000535545070762 -0.000161524672074 0.000929476797376 -0.0232040169248 -0.00229218684292 -0.0257843503369 -0.0101980136642 0.039793422131 0.939732146584 0.0170757561534 -0.0016834360169 0.0103585897197 0.0037135765564 0.100074050818 0.321435476279 -0.000974099441749 0.00150373837454 -0.00566362673033 0.000814084895547 0.00154991304053 -0.00250458374578 -0.00344216242924 -0.013545740686 -0.00178947783832 -0.00201219184199 8.45582732632e-05 -3.59560496661e-05 0.000188476578611 0.000304121737974 -2.0006239225e-05 -9.76967118627e-05 -0.000133360132971 -0.000733403222826 -0.000806311621 9.86018347651e-05 -0.00180726152607 0.00155057296853 4.19208323221e-05 3.02416470258e-05 3.13647483799e-05 6.20832499837e-05 1.60811295073e-05 -6.18143639099e-06 6.9983949316e-05 -3.06676400829e-05 
2.60684614081e-19 -2.28873596812e-19 -4.34465701388e-19 -1.04893829994e-18 3.87051878793e-17 9.75359630005e-18 -3.80821499426e-17 7.74857599496e-16 1.04332838622e-14 -3.83898053487e-16 -6.56749397285e-13 2.34537665107e-14 3.3308777928e-14 9.79735760032e-13 -1.66361360559e-11 1.62810853557e-11 1.20689899235e-12 1.25051756953e-12 -9.72100456316e-10 3.02241730926e-11 -1.59404152585e-10 1.12219025684e-09 2.82845677398e-09 1.13720883442e-07 3.33146383238e-07 -8.70419538291e-10 1.98538394136e-07 -1.73669281983e-06 -5.27924749503e-06 6.8823959012e-06 1.03801182663e-05 -0.000109697339763 0.00010410675757 0.000294562428212 0.000238687692812 -5.00525634945e-05 0.000538837003016 -0.000703868064974 0.0050533269924 -0.00543566815233 0.0017614968297 -0.00076310044234 -0.0289510193343 -0.00994831995215 0.0127453437508 -0.0333099036028 0.00159927094596 -0.0239743569611 0.0085722785718 0.00865846391552 0.05622770377 -0.178878732961 -0.235400585778 -0.916750479939 -0.123096783291 -0.136178666129 0.00574098816181 -0.00243307979193 0.0127622439596 0.0205894406077 -0.001354753695 -0.00661529961251 -0.00903015861733 -0.0496586288427 -0.0545957548577 0.00669150744545 -0.122368983936 0.104988241364 0.00286494730948 0.00204857555791 0.00212800167294 0.00420477322338 0.00109846314118 -0.000545238544456 0.00474822829836 -0.0020633771933 
2.19848692988e-19 2.15398319784e-19 5.02466483921e-19 1.19125057157e-18 -3.94508955904e-17 -7.10290792851e-18 4.53959701425e-17 -8.80345167983e-16 -1.27695490517e-14 3.98746900722e-16 7.48696961714e-13 -2.63453839602e-14 -3.90509066939e-14 -1.14068259558e-12 1.89950946322e-11 -1.91931839886e-11 -1.59581047273e-12 -1.6836362056e-12 1.10951138524e-09 -3.48141993006e-11 1.8844398368e-10 -1.26068331969e-09 -3.90824558601e-09 -1.26860164199e-07 -3.88518881602e-07 -1.09590110938e-09 -8.05150846921e-09 3.14464251829e-06 6.52964412793e-06 -1.52591147114e-07 -1.10328983034e-05 0.000133479712471 -0.000146885865186 -0.000316347143378 -0.000134573279476 -0.00132361353693 0.00324912783705 -0.0132204952582 -0.0100804470868 0.0097332212832 0.066577746541 0.00720866647686 -0.991440655665 -0.106212931623 -0.000670192733702 0.00385537321415 -0.000405715965995 0.000775576631619 -0.000258973954515 -0.000252700962126 -0.0016647832024 0.00531449164497 0.00699334418536 0.0272341193146 0.0036571404618 0.00404549520242 -0.000170551407068 7.2280106734e-05 -0.000379131761744 -0.00061165640978 4.02460646065e-05 0.00019652266879 0.000268261589099 0.00147522354956 0.00162189221329 -0.000198786689972 0.0036352515346 -0.00311891668033 -8.51100141557e-05 -6.08576451006e-05 -6.32172030245e-05 -0.000124912447292 -3.26324336901e-05 1.61984166759e-05 -0.000141057084957 6.12972670408e-05 
-3.62042276826e-19 5.1403102294e-19 1.30351767643e-18 -9.53705164605e-19 1.72066698316e-16 1.30988361205e-16 3.63412809396e-17 6.2671320219e-16 -2.01482539544e-14 -1.98831591782e-15 -4.52433678153e-13 8.43037517705e-14 -1.93310963515e-14 1.24850990753e-12 -1.04747879076e-11 -8.73398550457e-12 -6.31423592823e-12 -7.48945966789e-12 -6.29867974867e-10 1.29867603211e-11 9.72207592837e-11 1.64345813924e-09 -1.77652090549e-08 2.63794195602e-07 1.20027645457e-08 -1.72200117343e-07 1.7175795341e-05 -4.31587823788e-06 1.41481586153e-05 0.000338241090861 -1.25534706848e-05 0.000367961870934 -0.000103992541729 -0.000796008073664 0.0079909548359 0.000731994067811 0.00807233416889 0.00411152617366 -0.0398441089111 -0.335108649474 -0.00677684934662 0.00558554071704 -0.000905633627865 0.00108934301943 0.299873530545 0.891789024679 -0.00515645922638 0.00423415600856 -0.00523340400953 0.00204928030163 0.00312499832661 -0.00401709927186 -0.00569648331215 -0.022430119338 -0.00289436499758 -0.00333650068276 0.000141342335723 -6.12252956024e-05 0.0003116941003 0.000502926897191 -3.30458566088e-05 -0.000161586103391 -0.000220530334677 -0.00121317007849 -0.00133368303875 0.000160433679465 -0.0029895866415 0.00256505200583 6.46863189187e-05 4.98630820119e-05 5.11268945277e-05 0.000102498269505 2.49111679789e-05 1.20461131281e-05 0.000114073053717 -5.30364463028e-05 
1.22745820222e-20 3.29772470198e-20 7.22879640334e-20 1.77767329378e-19 -6.26101002119e-18 -1.39131426193e-18 6.58844842099e-18 -1.31325622485e-16 -1.82696585821e-15 6.33647093657e-17 1.11486553292e-13 -4.04181202312e-15 -5.85528898843e-15 -1.69781983019e-13 2.82811823842e-12 -2.84957864192e-12 -2.11348609007e-13 -2.22872622138e-13 1.65291524524e-10 -5.32534138762e-12 2.84758507747e-11 -2.10203899887e-10 -4.51727148106e-10 -2.17497265052e-08 -6.04204217053e-08 8.25462914452e-10 -9.7548465142e-08 3.40745781725e-07 9.08909975275e-07 -2.55942052549e-06 -1.83244127535e-06 1.92525159757e-05 -1.71828524182e-05 -5.0392143359e-05 -7.12461426446e-05 9.80911385401e-06 -0.00053622524164 0.000505816793024 -0.00345850712267 0.00199908143279 0.00956303516617 -9.37426540973e-05 0.107398219909 -0.994070596803 -0.0071703318589 0.00461779020712 0.00749675701422 0.00314383539203 0.000741568358587 -7.45423694378e-05 -0.000347239746671 0.00116773497044 0.00152724451632 0.00594314335364 0.000803877120203 0.000883331281381 -3.73211609681e-05 1.57730540142e-05 -8.27714783024e-05 -0.000133550688607 8.78658932385e-06 4.29059772418e-05 5.8566162063e-05 0.000322068927143 0.000354089352173 -4.33960324145e-05 0.000793643645679 -0.000680918103746 -1.85761363129e-05 -1.32861810183e-05 -1.38006986168e-05 -2.72705229637e-05 -7.12247608065e-06 3.51274315732e-06 -3.0793607107e-05 1.33847951343e-05 
-5.88956967299e-21 -1.55447459402e-20 -4.11228602883e-20 1.01810967319e-21 -3.53291277901e-18 -3.126258848e-18 -1.76789514793e-18 1.15779614384e-18 7.4450310048e-16 4.15705273465e-17 -2.99164503076e-15 -1.55964555743e-15 1.23661350315e-15 -8.49572204394e-15 -1.01119127327e-13 5.88153303144e-13 1.86397397114e-13 2.17464729569e-13 -5.46800222867e-12 3.63248363306e-13 -6.12918509153e-12 -1.42243548903e-11 5.0516590071e-10 -3.95006289413e-09 7.50711255225e-09 4.21627259097e-09 -4.29814999292e-07 6.28735045789e-08 -4.7359019388e-07 -8.25795272354e-06 5.49599086186e-07 -1.17072629179e-05 4.01086518743e-06 2.65792847102e-05 -0.000195953381599 -2.45686812584e-05 -0.000129970610611 -0.000312829898807 0.00347667653994 0.00707695828111 0.00201875018741 -0.000658848825882 -0.000148084924154 -0.00813018121741 0.948480163207 -0.315566664115 -0.00132017775171 0.0122471621705 -0.00380289364547 0.000906548026037 -0.000761831817796 0.00536757169533 0.00522948502782 0.020336389301 0.00277849982701 0.00301707969158 -0.000126304725855 5.26261361403e-05 -0.000283702654957 -0.00045749937842 3.01681338429e-05 0.000147017913915 0.000200754322005 0.00110350220678 0.00121332561367 -0.000152017595089 0.00271915915291 -0.00233283791362 -6.94572677176e-05 -4.57241144584e-05 -4.82274391645e-05 -9.36832695771e-05 -2.65113072593e-05 3.98156978939e-05 -0.000107618437929 4.29824682252e-05 
4.24066151134e-22 2.98476446226e-22 3.54366702262e-21 -3.23844415731e-20 2.54955464351e-18 1.50980025183e-18 -4.72840537315e-19 2.31555075451e-17 2.86739148191e-17 -2.81378164873e-17 -1.88481433559e-14 1.35449526468e-15 5.55028394526e-16 3.39414638228e-14 -4.67962315571e-13 2.75575553474e-13 -3.70681806661e-14 -4.75084152802e-14 -2.75283666587e-11 8.11356806903e-13 -2.65189081848e-12 4.35202762799e-11 -1.22028946101e-10 5.44303327924e-09 7.84017257291e-09 -1.84206285334e-09 1.87234598391e-07 -8.57630907763e-08 2.78982725792e-08 3.75366889e-06 1.0739975474e-07 1.37286683754e-06 1.22489803369e-06 -1.59361681597e-06 9.03959959953e-05 5.37770829019e-06 0.000100392686125 7.61799072133e-06 -0.000104729542548 -0.00357725447822 -7.87652020581e-05 -1.73997659469e-06 1.87540024386e-05 -0.000572893826468 -0.0067572888259 -0.00577490616349 -0.00264721309913 0.0727596651979 -0.97868548778 0.186126064901 -0.0372490660445 0.0195135469497 0.00490823928396 -0.013792265258 -0.00718734274527 -0.00759019197888 0.00112991037615 -0.000945509715226 0.000198130968235 0.000382830556987 2.19620268135e-06 -0.000128753298745 -0.000139770679995 -0.000882856948263 -0.000947357280833 -0.00055975009606 -0.00219366374701 0.00190623239332 -0.00113407369213 -4.93117796358e-06 -0.000154008281475 2.45654559787e-05 -0.000410274742579 0.00565528279638 -0.000346077166821 -0.000623498228439 
2.27927194636e-22 6.33124791728e-22 2.02957327575e-21 -4.35876055934e-21 4.73494993756e-19 3.19437384208e-19 3.67444914063e-21 3.04520219447e-18 -2.42844233838e-17 -5.32464466529e-18 -2.40136766246e-15 2.39745092003e-16 2.73245417887e-17 4.8525464673e-15 -5.86075826819e-14 1.45540913521e-14 -1.19849868155e-14 -1.45527447645e-14 -3.46580655226e-12 9.45306131086e-14 -1.22354026429e-13 6.34402492077e-12 -3.54493634215e-11 8.71782814799e-10 7.62612736088e-10 -4.06350050305e-10 4.07222629153e-08 -1.38994589322e-08 2.15476316945e-08 8.10079536906e-07 -6.4786263436e-09 6.14898155444e-07 -1.85189631317e-08 -1.2149406631e-06 1.92653088845e-05 1.45891564759e-06 2.44103533758e-05 4.65257660055e-06 -8.22411002147e-05 -0.000803245984254 -0.000750342808492 1.56244911219e-05 -0.00120408682374 0.0074420985265 0.00278117945413 0.00448662982924 0.999890286127 0.0103103965706 -0.00140163565337 0.00343403015596 0.0025841862728 0.00197366425637 0.00127275762097 0.000675540913829 0.000600003064673 -0.000114149367214 -0.000362490458262 -4.6767836737e-05 -1.43077146829e-05 -3.07523141278e-05 2.40296361609e-06 1.35153965437e-05 6.03344418184e-06 5.00199658589e-05 5.31065980482e-05 5.08696787988e-05 0.000125461267601 -0.000109011328679 9.77978514697e-05 1.46672809602e-06 1.42188462141e-05 2.0738969691e-08 3.536753589e-05 -0.000480330197757 3.17263809509e-05 5.19016611431e-05 
1.24413978469e-22 3.29079877543e-22 7.71976805203e-22 1.16821080965e-21 -1.61372450973e-20 1.31556901612e-20 5.62081209213e-20 -8.76674423341e-19 -1.74046903374e-17 1.21776018884e-19 7.58602516067e-16 -1.55782247581e-17 -4.75713780664e-17 -1.06203241497e-15 1.94242992166e-14 -2.30520298533e-14 -2.73025327086e-15 -3.02937274947e-15 1.13211052291e-12 -3.78213903867e-14 2.32185829149e-13 -1.28950375504e-12 -6.62517105083e-12 -1.16875661171e-10 -4.53382923188e-10 -2.51941669781e-11 2.25699895012e-09 1.74510405645e-09 9.37205370583e-09 4.11684984808e-08 -1.60821678403e-08 2.07076638378e-07 -1.57432938682e-07 -5.23238533549e-07 8.61353561255e-07 1.71213220473e-07 -2.90947218372e-07 1.85561734357e-06 -1.52948571858e-05 -6.87857496791e-05 4.13229362212e-05 3.33029217949e-07 0.000259605365899 -0.00303330237159 0.0123395970291 0.000885974541966 0.0102509928065 -0.995743364632 -0.076634117157 -0.0127496095037 -0.0230896238924 -0.017368098777 -0.00147421123151 0.0255911407671 0.00477261235805 0.00333319676105 -0.000146626384527 -2.51366502986e-05 -0.00032104482802 -0.000632014671778 4.39017744707e-05 0.000119507935785 0.000203695210417 0.00147788815937 0.00152854381346 0.00271876886201 0.00373151799848 -0.00327992056365 0.00500135051113 0.000114728239746 0.00076311825398 9.11024639394e-05 0.00181288665665 -0.024310424977 0.00170641117667 0.00258152068561 
-1.46387184134e-22 -2.96998768466e-22 -1.15914165509e-21 4.43192643951e-21 -4.0561481367e-19 -2.57180372097e-19 3.54316085916e-20 -3.13791136706e-18 8.31729620893e-18 4.51913083067e-18 2.52054681749e-15 -2.1030657903e-16 -5.5353878327e-17 -4.76760011253e-15 6.21393091554e-14 -2.79104962059e-14 8.11510691574e-15 1.004920262e-14 3.66330031377e-12 -1.04649541275e-13 2.60869361278e-13 -6.16671327332e-12 2.49534632678e-11 -8.0512652567e-10 -9.45572476133e-10 3.20724093303e-10 -3.24049944268e-08 1.2752469004e-08 -1.15750372141e-08 -6.46226034384e-07 -5.57402606777e-09 -3.78596796356e-07 -8.50324446638e-08 6.52841157327e-07 -1.54709888684e-05 -1.02860533089e-06 -1.67523085028e-05 -2.85476296258e-06 3.48103783568e-05 0.000624941803679 1.45545065952e-05 -2.88951426297e-06 6.54319012117e-06 1.85276613396e-05 -0.000465029243778 -0.000568614042132 -0.0032227789578 -0.0298956355453 0.181209926479 0.971525111855 0.0806148680446 0.106060564007 -0.000720139101916 -0.0139441787196 0.0657454738713 0.00345113132972 -0.00134297856207 -0.000166417343616 -0.000230213178796 -0.000726621468491 3.70084163122e-05 0.000121853707005 0.000147281144153 0.000980805337133 0.00103921206201 0.00105328258012 0.00245438774748 -0.00213733194088 0.00201064971258 3.10865456666e-05 0.000293844861007 4.77042725307e-06 0.000728203955166 -0.0098739962792 0.00065697628282 0.00106477898166 
-4.96098514763e-23 -7.43558730922e-23 -3.86202731573e-22 2.2316793148e-21 -1.87650516735e-19 -1.14703992809e-19 2.64115196863e-20 -1.58916464362e-18 6.05027023186e-19 2.07991124623e-18 1.28645425466e-15 -9.85938501836e-17 -3.39055205087e-17 -2.364695922e-15 3.18471788361e-14 -1.69238538608e-14 3.19583167347e-15 4.02178068127e-15 1.87510668929e-12 -5.45659618035e-14 1.61234335965e-13 -3.04355626883e-12 1.01474549169e-11 -3.87801645178e-10 -5.13432474573e-10 1.41380399076e-10 -1.43369084661e-08 6.1220924609e-09 -3.55799284829e-09 -2.86618295389e-07 -5.47988814832e-09 -1.34866080851e-07 -6.75328659148e-08 2.01454719234e-07 -6.88460539834e-06 -4.36619530924e-07 -7.50029365213e-06 -1.04220856733e-06 1.25569978067e-05 0.000273099908439 5.03607157625e-06 -7.19276380716e-07 -8.56561349705e-06 0.000102833098528 0.00122166392151 0.00169613905566 0.00256295323315 0.0212190691736 0.0526958177942 0.101078523197 -0.959919682894 -0.227902084399 -0.0777624722152 0.0176575638589 -0.0821895392323 0.00199066818866 0.00331300295356 0.00100071479359 0.000217263223 6.11177058961e-05 -2.92309132846e-05 -0.000150968643622 -0.000133643346835 -0.000681036725812 -0.000773763664728 0.000651637260037 -0.00169183378452 0.00138990009657 0.00101844894721 6.27130474817e-05 0.000187931424742 0.000100837130359 0.000370462045416 -0.00469213114301 0.000422561116258 0.000456399798695 
-6.39742183379e-24 -1.09259750591e-23 -6.22122048532e-23 3.9645796719e-22 -3.27866791734e-20 -1.98873618046e-20 4.97518113946e-21 -2.82609137478e-19 -1.09837819948e-20 3.63067980977e-19 2.29103673202e-16 -1.72787090198e-17 -6.22164288926e-18 -4.19016209391e-16 5.67594073756e-15 -3.10125907211e-15 5.3833779297e-16 6.80217845209e-16 3.34112633905e-13 -9.75546242391e-15 2.96297934453e-14 -5.38656418355e-13 1.72461356284e-12 -6.82768232248e-11 -9.24453077984e-11 2.44855726986e-11 -2.47545594354e-09 1.08138045417e-09 -5.57014678905e-10 -4.96184536442e-08 -1.05810092495e-09 -2.20722052091e-08 -1.2154362759e-08 3.16445104118e-08 -1.19080991114e-06 -7.13176330957e-08 -1.35372945995e-06 -3.06119948427e-08 6.58653302441e-07 4.87798983087e-05 1.50006978451e-07 1.76739448423e-07 3.28017202809e-06 -2.549030013e-05 -0.000736432609425 0.000646247290858 -0.000454417655177 -0.014698384675 0.0106221018 -0.0866003294701 -0.214220549972 0.939607984137 -0.209920846817 -0.130995223486 -0.0364456027024 -0.0154176384199 0.00079903012453 1.56047169281e-05 0.00171956088036 0.00279084283876 -0.000184350314594 -0.000889397669316 -0.00120628843622 -0.00672773951142 -0.00737459132578 0.000238735066214 -0.0165995423488 0.0142596178928 -0.000776391793482 0.000237244286796 9.91149825039e-05 0.000520195734506 -0.000273637537223 0.0054946745056 0.000220347492491 -0.000856425471482 
3.13224909112e-24 4.79011965354e-24 2.48864222774e-23 -1.4403134549e-22 1.21071210032e-20 7.39960322931e-21 -1.70649324742e-21 1.0256558045e-19 -3.8247305153e-20 -1.34194214803e-19 -8.30306923827e-17 6.36175865319e-18 2.18954011781e-18 1.5261279967e-16 -2.05551827355e-15 1.09288956222e-15 -2.06059719528e-16 -2.5933515361e-16 -1.21024845111e-13 3.5220672697e-15 -1.04125601834e-14 1.96415106762e-13 -6.54463886683e-13 2.50219733426e-11 3.31448962597e-11 -9.12180779005e-12 9.24483079193e-10 -3.95220694864e-10 2.2911958201e-10 1.84880610267e-08 3.54090608977e-10 8.68926396729e-09 4.3327205045e-09 -1.29760937986e-08 4.43982772897e-07 2.79878523485e-08 4.86584913007e-07 6.00444229973e-08 -7.41922343429e-07 -1.7739147362e-05 -5.16992879253e-07 3.10733649856e-08 2.57830806155e-07 -5.99912644268e-06 -1.06745177652e-05 -4.63770756689e-05 0.000282508872892 -0.00155718912415 -0.00297640107072 0.0124576438468 0.0268618187682 -0.00506448634588 -0.01679232291 -0.0951557557943 -0.267176334144 0.943216947637 -0.00204128707582 0.167677807658 0.00434294884682 0.00706957088779 -0.00503383633408 0.000593698926276 -0.000646288853876 -0.00318406931779 -0.00361263050125 -0.00186765548063 -0.00872141782423 0.006243760304 -0.00360909495617 5.00057710026e-05 -0.000596674670025 9.680804935e-05 -0.00130578385764 0.0181999925989 -0.00103004514854 -0.00203532255405 
5.81367252151e-24 8.72665054225e-24 5.1482173038e-23 -3.3628306347e-22 2.77060486902e-20 1.67758461008e-20 -4.27405600642e-21 2.39773782631e-19 3.18754443827e-20 -3.06715588063e-19 -1.94440420535e-16 1.46084795392e-17 5.31595721475e-18 3.55151622429e-16 -4.81799955702e-15 2.64875089723e-15 -4.51016774498e-16 -5.70402053013e-16 -2.83595435801e-13 8.28682805625e-15 -2.53227381246e-14 4.5654307717e-13 -1.44660228973e-12 5.78552277945e-11 7.865328617e-11 -2.06218731491e-11 2.09304316332e-09 -9.12988035247e-10 4.58064049227e-10 4.18726182872e-08 9.17140950713e-10 1.8363197911e-08 1.09971372057e-08 -2.60114663083e-08 1.00661362654e-06 6.30607099552e-08 1.1229048748e-06 1.28945947198e-07 -1.72750330812e-06 -3.96035731565e-05 -1.54855669336e-06 1.42797174923e-07 -6.03386877496e-06 6.92487529011e-05 -0.000322586245381 -3.47341702337e-05 -0.000739860009965 0.0263301117176 -0.00876109355646 -0.0203361937861 -0.0127489460316 0.00222115626756 -0.0138816513041 -0.0361061941258 0.183290612023 0.0669693374585 -0.007558158945 0.00899086304556 0.000939073763724 -0.00331484979754 -6.34944238766e-05 -0.0019515786751 -0.0014399806243 0.00614686055085 0.00301873088323 0.112086460951 0.0185665918366 -0.019056546365 0.19650294545 0.00655075696235 0.0317120115031 0.00784672835067 0.0712889404649 -0.941382125335 0.0709232342194 0.0977837158537 
-5.71132130686e-25 -8.2633818013e-25 -4.55225600256e-24 2.78874799725e-23 -2.32179447142e-21 -1.41274619715e-21 3.41978133724e-22 -1.98710857337e-20 2.56991618431e-21 2.57187998067e-20 1.60997388624e-17 -1.22191951537e-18 -4.3207913867e-19 -2.95006357804e-17 3.98743000863e-16 -2.15478619721e-16 3.86955769974e-17 4.88110136934e-17 2.3474041911e-14 -6.84469165731e-16 2.05640222167e-15 -3.79467550976e-14 1.23447545096e-13 -4.82098930954e-12 -6.46786953401e-12 1.73898140269e-12 -1.76349225236e-10 7.61309140527e-11 -4.13124851716e-11 -3.5274384796e-09 -7.21355260789e-11 -1.60964614876e-09 -8.67934534332e-10 2.34087069181e-09 -8.47520962681e-08 -5.27999042394e-09 -9.18890953884e-08 -1.07898999544e-08 1.25822959646e-07 3.37736173961e-06 -1.72926670622e-07 -1.90410832877e-09 -4.00937074188e-07 2.80125386344e-06 2.8644027966e-06 7.18191173297e-06 0.000331563203631 -0.000143538117332 0.000707152900265 -0.00186938272544 -0.00255781845024 0.00308809703059 0.016662724007 -0.00562798637868 0.0431800453544 0.0090127641083 0.997821906525 0.0282842514961 0.00463260329243 0.0255426204439 0.00040929165638 -0.0238601973102 0.00514793040135 0.000888280325251 0.000887118550954 -5.14798197268e-05 0.000781596092744 -0.00147791288865 -0.000672373465754 -0.000215895421685 -7.28270364674e-05 1.41582859984e-05 -9.12352501518e-05 0.00118126844727 -0.000123817875843 -0.000108861813049 
7.90242819837e-24 1.21383279545e-23 6.58580183839e-23 -3.98831958901e-22 3.32658413594e-20 2.02585644861e-20 -4.85928401553e-21 2.84151072089e-19 -4.99100989579e-20 -3.68544277918e-19 -2.30185570605e-16 1.75031803393e-17 6.15710292877e-18 4.22060763366e-16 -5.70053937878e-15 3.07113264391e-15 -5.5668871809e-16 -7.01903733217e-16 -3.35600050845e-13 9.78217099079e-15 -2.93003537148e-14 5.42938806044e-13 -1.7747558872e-12 6.90214239258e-11 9.23654972673e-11 -2.49491169407e-11 2.52910338065e-09 -1.09012707047e-09 5.98896925343e-10 5.05943147083e-08 1.0220366456e-09 2.31663248571e-08 1.23564618067e-08 -3.39548574245e-08 1.21531703494e-06 7.61820491916e-08 1.34618100814e-06 1.50436468534e-07 -1.94814358133e-06 -4.84039097711e-05 -1.92174623303e-06 9.57638958554e-08 -2.85776175323e-06 2.17192845564e-05 -8.90562537748e-05 -0.000232232398487 0.000861414627194 0.00912343775894 -0.0142345612697 0.00667589765756 0.107977701776 -0.145343034461 -0.944354809343 0.251370171317 0.0894028092429 0.0296937500045 0.0138174246852 0.00248112923423 -0.00337865810598 -0.00669662436237 0.00061642479851 0.00146027836128 0.00255110095235 0.0132789226419 0.0146817812077 -0.00432555876341 0.0326238107918 -0.0279315059078 -0.00519927100852 -0.000703536454617 -0.0012880739161 -0.00131102116001 -0.00189983037303 0.0213192321675 -0.00287724495823 -0.00164204884207 
-2.07448204448e-24 -3.2032411134e-24 -1.69528604586e-23 1.00127950513e-22 -8.3869868255e-21 -5.11762391373e-21 1.20161950086e-21 -7.13176957435e-20 2.01906242272e-20 9.29414749644e-20 5.77520181528e-17 -4.40972023692e-18 -1.53286281147e-18 -1.06033710148e-16 1.42994869033e-15 -7.64877124427e-16 1.41660332513e-16 1.78433441909e-16 8.41883869746e-14 -2.45181976403e-15 7.29194763598e-15 -1.36434850399e-13 4.50709937707e-13 -1.73628884359e-11 -2.31084310099e-11 6.30646019762e-12 -6.39009413786e-10 2.74336794772e-10 -1.55230494075e-10 -1.27831792913e-08 -2.50804122451e-10 -5.94029029483e-09 -3.03525076334e-09 8.79578589079e-09 -3.06980293974e-07 -1.92004532501e-08 -3.3794327518e-07 -3.64289819061e-08 4.62553065037e-07 1.2331469302e-05 2.04752811041e-07 -1.22772457282e-08 -6.08468195485e-08 3.48721285038e-06 -2.9496514284e-05 -4.22145889803e-05 -3.08720126749e-05 0.000362284379973 0.006930909197 0.0319454879729 0.0540068742633 0.0024307142129 -0.0221112726608 0.126916197287 -0.534412014389 -0.27681020458 0.00539909777245 0.774750816711 0.00614811195836 0.00154558581672 -0.00838686252907 0.0108254983341 -0.0127667839233 -0.00746289227744 -0.0150585401073 0.0120996618232 -0.0462021245774 -0.006679996477 0.0247541008016 0.00236702029541 0.00397911186228 0.00306837032676 0.008723534996 -0.113876830983 0.0108838707737 0.01091016447 
7.97649890707e-26 1.23603102244e-25 6.59687867715e-25 -3.93121443772e-24 3.28785148183e-22 2.00478374783e-22 -4.74377940238e-23 2.80034071831e-21 -6.84008166708e-22 -3.64314698167e-21 -2.26797466145e-18 1.72915354458e-19 6.03655716627e-20 4.16206299334e-18 -5.61593432346e-17 3.01175456283e-17 -5.53486227226e-18 -6.97417545139e-18 -3.30631688324e-15 9.63199379082e-17 -2.87201974564e-16 5.35483606835e-15 -1.76233167265e-14 6.81157920919e-13 9.08414649485e-13 -2.47010579654e-13 2.50263094153e-11 -1.07637455443e-11 6.02578069516e-12 5.00712673063e-10 9.9263077535e-12 2.31512534238e-10 1.19617446558e-10 -3.41513834176e-10 1.20242800075e-08 7.49786430265e-10 1.32658541706e-08 1.35049678045e-09 -1.73791391257e-08 -4.83835744603e-07 -7.60847342827e-09 3.4681676787e-10 -9.0383460114e-10 -1.10098248072e-07 1.63563037114e-06 2.45638448275e-06 1.2533411941e-06 -2.24141202892e-06 -0.000306268538318 -0.00139343981318 -0.00335348173258 5.89087807477e-05 0.000396222688838 0.0152991208399 0.0395263353087 0.000849639972355 -0.0277796674863 0.023963194396 -0.00082483238163 0.997674501373 -0.0377182942343 0.00325032752887 -0.00158368244298 0.00161568995648 0.00174137915446 -0.000978334774617 0.00353836716286 -0.00398646583418 -0.000906558639636 0.000128325628447 -0.000926433608512 -0.000501825385539 -0.000272661901215 0.00392115151474 -0.000379446116696 -0.000331458230553 
-1.87732315507e-26 -2.89604124219e-26 -1.5288653827e-25 9.00567942043e-25 -7.54688907388e-23 -4.60598964607e-23 1.07895743296e-23 -6.41424737003e-22 1.89125466499e-22 8.36340982373e-22 5.19395514493e-19 -3.96769246464e-20 -1.37741825199e-20 -9.53756274306e-19 1.28600377847e-17 -6.87340681192e-18 1.27598579792e-18 1.60703944256e-18 7.57141032016e-16 -2.20481396449e-17 6.55221991159e-17 -1.22724525925e-15 4.05878798715e-15 -1.56200432576e-13 -2.07762465912e-13 5.67628163693e-14 -5.7515308261e-12 2.46799448698e-12 -1.40095625342e-12 -1.15054766002e-10 -2.25019006682e-12 -5.35500327334e-11 -2.72510525102e-11 7.93761965812e-11 -2.76293807228e-09 -1.72863553428e-10 -3.03877631876e-09 -3.29946460761e-10 4.17242742064e-09 1.11022106719e-07 1.62246257863e-09 -1.07858054324e-10 -1.25937477714e-09 3.83991950621e-08 -2.79485591839e-07 -4.43187370824e-07 -6.77773160023e-08 5.39610399745e-06 6.2683252393e-05 0.00029941204583 0.000522386012475 9.56668011599e-06 -0.000401631401812 0.00177310716661 -0.00478225172008 -0.00334507636984 0.0023163780795 -0.0157395326487 -0.0204183276902 -0.0371816143476 -0.998927377795 0.00685236724947 0.00164066817164 -0.000113200727147 -0.00017508098615 0.000453601069413 -0.000697746810883 0.000259792015093 0.000431778895602 -0.000285097331716 0.00126709910511 0.000630806770653 -2.54174817668e-05 -0.00107458409307 3.69023846829e-05 7.33026206298e-05 
-5.06115938303e-26 -7.80713891861e-26 -4.1317941836e-25 2.44015870216e-24 -2.04397276124e-22 -1.24721247574e-22 2.92824171147e-23 -1.73803969034e-21 4.92698512584e-22 2.26505528673e-21 1.40743712627e-18 -1.07467822805e-19 -3.73554334234e-20 -2.58408717908e-18 3.48483325362e-17 -1.8639852188e-17 3.4524783916e-18 4.34867926704e-18 2.0516998305e-15 -5.97515007169e-17 1.77702357594e-16 -3.32498291517e-15 1.09843562526e-14 -4.23144409232e-13 -5.63155015139e-13 1.53693543087e-13 -1.5573446412e-11 6.6856539514e-12 -3.78345051138e-12 -3.11538594219e-10 -6.11179891517e-12 -1.44780891789e-10 -7.39802087674e-11 2.143778499e-10 -7.48146319429e-09 -4.68007707622e-10 -8.23347696276e-09 -8.91464489349e-10 1.13018704944e-08 3.0049331965e-07 4.72780582748e-09 -3.03736353362e-10 -1.95163879313e-09 8.77341157983e-08 -6.96758292265e-07 -1.06005178768e-06 -3.41352289421e-07 8.99318024382e-06 0.000167490455342 0.000774790342547 0.00120069333182 0.000216646360411 -0.000398076370711 0.0129886019653 -0.00835993018503 0.00241988926536 0.00695931505334 -0.0242431945112 -0.00537701255853 -0.000719628046365 -0.000882907731008 0.0253663286011 -0.997897533933 -0.0346108620105 -0.000960229163998 0.00161624039547 0.00384833475322 0.00813506800359 0.000763595650011 0.0364203329244 0.000117870167183 -0.00584508602334 5.71910106276e-05 -0.000551329377232 -0.000111348825226 7.76202509511e-05 
-5.03905835877e-29 -7.76373693853e-29 -4.10896157384e-28 2.4265855635e-27 -2.03262024786e-25 -1.2402899838e-25 2.91186853451e-26 -1.72837134149e-24 4.90316461604e-25 2.25247425045e-24 1.39960686046e-21 -1.06870594919e-22 -3.71470941205e-23 -2.5697128188e-21 3.46544415034e-20 -1.85358909331e-20 3.4333623191e-21 4.32459101775e-21 2.04028469399e-18 -5.94189620978e-20 1.76711018864e-19 -3.30649516103e-18 1.09234208826e-17 -4.20795055678e-16 -5.60018925302e-16 1.52839128204e-16 -1.54873536617e-14 6.64832340815e-15 -3.76262485183e-15 -3.09810944769e-13 -6.07772911326e-15 -1.43981262723e-13 -7.36012607339e-14 2.13195567115e-13 -7.44006767485e-12 -4.65611030934e-13 -8.18617796438e-12 -7.78281008638e-13 1.13361456416e-11 3.11059462052e-10 3.68520518274e-11 -3.58737413909e-13 1.79409988445e-11 -5.97211836355e-11 -5.67491274455e-09 -3.85179595356e-08 -4.97503529987e-08 1.81645331901e-07 -1.12998119865e-07 1.23545475505e-06 8.77701832995e-05 -6.28244753505e-05 -0.000138142069255 -0.00400345270406 -0.00198352337552 0.00103104991068 0.0242686831031 -0.0151690068919 0.0112847659831 -0.00166301984104 0.00702384793476 0.998575470312 0.0260827522392 -0.00614723303334 -0.0152140214893 -0.0117724376656 -0.00575492114856 0.008792268689 0.0240618962351 -0.000421374951869 -0.00695807836991 3.89325634677e-06 0.000371001775833 0.000515074881932 0.000954376676291 3.44298743806e-05 
-5.51610942741e-26 -8.50967389922e-26 -4.50321783006e-25 2.65929328894e-24 -2.22755994955e-22 -1.35924446298e-22 3.19104538872e-23 -1.8941198702e-21 5.37623632719e-22 2.46850208104e-21 1.53382651991e-18 -1.17120185553e-19 -4.07089367337e-20 -2.81615387332e-18 3.79777262533e-17 -2.03132310487e-17 3.7626915994e-18 4.73940240957e-18 2.23594371091e-15 -6.51170363035e-17 1.93654980841e-16 -3.62358958251e-15 1.19712481456e-14 -4.61147704572e-13 -6.13721210998e-13 1.67499552107e-13 -1.69723770208e-11 7.28610015391e-12 -4.12364411877e-12 -3.395232346e-10 -6.66016346991e-12 -1.57792639481e-10 -8.06209918635e-11 2.33653798134e-10 -8.15349816872e-09 -5.10063608461e-10 -8.97329492358e-09 -9.72065596559e-10 1.23221934916e-08 3.27456876612e-07 4.70220892274e-09 -3.32322807574e-10 -2.0735410487e-09 9.51874798657e-08 -7.46484164509e-07 -1.07386631946e-06 2.76496790352e-07 7.06715053466e-06 0.000184536221169 0.000838848589196 3.10752364819e-05 0.00178149872001 0.00183384479269 0.0979966571923 0.0319199371768 0.0102327393489 -0.000346664910574 0.0167420782088 0.00774002586838 0.000595335721786 -0.000160833320369 -0.00471176279475 0.00783365053726 -0.00340166256412 0.237796338664 0.0874682739255 -0.060558627331 0.958418729627 0.0440683162884 -0.00910905124288 0.0126091787477 -0.0100240188489 0.00767307064471 0.00344041612107 -0.00656891563143 0.000107553601775 
-8.28783605937e-33 -1.10785628744e-32 -5.88940395949e-32 3.46262837961e-31 -2.90342601554e-29 -1.77247588226e-29 4.14014797937e-30 -2.46619030679e-28 7.62673062638e-29 3.21735287458e-28 1.99690667298e-25 -1.52595315201e-26 -5.29099101882e-27 -3.66672802353e-25 4.94414429081e-24 -2.6400794929e-24 4.91471433698e-25 6.18873753754e-25 2.91091010777e-22 -8.47568203878e-24 2.51649835211e-23 -4.71944010775e-22 1.56170360197e-21 -6.01266148212e-20 -7.98484387902e-20 2.18191036538e-20 -2.22047233775e-18 9.45983499531e-19 -5.41734174419e-19 -4.43118206068e-17 -8.65594369259e-19 -2.07912319926e-17 -1.11728229522e-17 3.06129752574e-17 -1.06602331111e-15 -6.95674258194e-17 -1.00186384308e-15 -1.70137202516e-13 -2.52136898608e-14 -1.81147931259e-11 6.38920985711e-10 -3.19455160414e-14 -2.67604545307e-11 2.00330204239e-10 7.43998605726e-09 5.28060327843e-08 -8.86559431169e-07 3.29062087199e-06 -2.31882426117e-06 -1.05497162635e-06 0.00155447381087 -0.0020033336343 -0.0027491824907 -0.110599534332 -0.0534476924515 -0.0239729879606 0.000461854149932 0.0334919194661 -0.000926290438984 -0.00023257293157 -0.00102843465895 0.00466307053763 0.00257963049106 -0.00922388657457 -0.00955849226243 0.00742563450281 0.985950511923 0.0756316500959 0.00508253154045 -0.0197600641076 -0.00982098938372 -0.046153065399 -0.00219830419341 0.00959447484262 -0.0455090805607 0.0175826330165 
-1.4651755378e-25 -2.2603982826e-25 -1.19617388033e-24 7.06379007121e-24 -5.91699073585e-22 -3.61051401148e-22 8.47626894565e-23 -5.03128603694e-21 1.4280547669e-21 6.55699711182e-21 4.07425113935e-18 -3.11102335956e-19 -1.08133784004e-19 -7.48045368066e-18 1.00878941208e-16 -5.39573554527e-17 9.99470535369e-18 1.25891084489e-17 5.93926114169e-15 -1.72968170595e-16 5.14399250821e-16 -9.62521706743e-15 3.17988135469e-14 -1.22493062607e-12 -1.63020688388e-12 4.44923382186e-13 -4.50831091913e-11 1.93538323005e-11 -1.09534853012e-11 -9.01863695927e-10 -1.76911614178e-11 -4.19138921814e-10 -2.14148001775e-10 6.20646240957e-10 -2.1657844197e-08 -1.35484781772e-09 -2.38355978834e-08 -2.5810375109e-09 3.27246715376e-08 8.69866720344e-07 1.40736714861e-08 -8.81621029509e-10 -5.43717314039e-09 2.52682933611e-07 -2.00669224593e-06 -2.99348760387e-06 -1.51329863094e-06 2.72117690232e-05 0.000484160842154 0.00224097279913 0.00402688828908 -0.000143790008572 -0.00214617063836 -0.0047259179101 -0.0444602996708 -0.00394583792964 0.00749571012435 -0.0253705642289 -0.995345611263 0.0027846045505 0.0210903159096 0.0107581498206 0.00601091838842 0.000456983052123 -0.00175529929159 0.0208245702497 -0.00225879901716 0.00806541884125 0.00453086480441 -0.0134526172315 0.0647663710699 0.0311403191145 -0.0051778370455 -0.00535560176852 -0.00359680665081 -0.000823094054861 
1.54305657972e-32 2.31243115246e-32 1.22468000915e-31 -7.22544447528e-31 6.05366434951e-29 3.69426355069e-29 -8.66387221804e-30 5.14637562345e-28 -1.48758448291e-28 -6.70841196343e-28 -4.16737466493e-25 3.18263461593e-26 1.10566873915e-26 7.65160294254e-25 -1.03183746326e-23 5.51712585134e-24 -1.02300249118e-24 -1.28847680759e-24 -6.07497346991e-22 1.7691325711e-23 -5.25954771017e-23 9.84601999218e-22 -3.25390154223e-21 1.25328583455e-19 1.6672442141e-19 -4.55145667356e-20 4.61546876896e-18 -1.97863180932e-18 1.12211182155e-18 9.22899229017e-17 1.80899359057e-18 4.29235306796e-17 2.21471623183e-17 -6.35622968031e-17 2.21699245452e-15 1.40066875299e-16 2.41965882482e-15 8.76163737116e-15 -2.51439034654e-15 8.14275862445e-13 5.46064266164e-12 -3.03778197671e-15 1.44947199331e-12 -9.80192933476e-12 -3.692278486e-10 -2.7464582641e-09 -7.98455721047e-09 3.01453689049e-08 -3.22022717363e-08 1.05127041004e-07 1.40112358608e-05 -1.57642796129e-05 -2.54745955125e-05 -0.000816012290975 -0.000408681455543 0.000128456387096 -0.000140281654397 -0.0017075668621 -0.00330722927654 1.38502682327e-05 6.45124040723e-06 -0.0261827956269 -0.000591479748904 0.00036187466076 0.00345311625912 -0.351715715196 -0.00067966999102 -0.0117178207696 0.922574266031 0.0024453449735 0.0163373069617 0.00043795178816 -0.00249472876371 0.150616717427 0.0260723137049 -0.025649144586 
-2.84229547361e-24 -4.38479794638e-24 -2.32038264145e-23 1.37025972568e-22 -1.14779956416e-20 -7.0038079146e-21 1.64425677809e-21 -9.75987186041e-20 2.77022418139e-20 1.27195033033e-19 7.90338063021e-17 -6.03487677881e-18 -2.097618075e-18 -1.45108561445e-16 1.95688640262e-15 -1.04668419374e-15 1.93881011281e-16 2.44208197371e-16 1.15211948593e-13 -3.35529942278e-15 9.97850155234e-15 -1.86713473256e-13 6.16845055564e-13 -2.37616560293e-11 -3.16233438114e-11 8.63078517028e-12 -8.74539276761e-10 3.75432442148e-10 -2.12479886651e-10 -1.7494686026e-08 -3.43179661742e-10 -8.13061488598e-09 -4.1541739163e-09 1.2039528978e-08 -4.20127033609e-07 -2.62821496797e-08 -4.62368944679e-07 -5.00800733912e-08 6.34926965823e-07 1.68737471329e-05 2.71819760305e-07 -1.7129184659e-08 -1.05475847507e-07 4.89615204449e-06 -3.87942268787e-05 -5.7858592271e-05 -2.73590452964e-05 0.000519200649883 0.00938255497968 0.0433451823193 0.0745689143748 0.00154007605113 -0.0353736015766 0.137037982805 -0.749937452593 -0.0916835361336 0.0505042419016 -0.605854255462 0.0514825791887 0.0453494920868 0.0112825830023 -0.0134485368901 0.0231351441142 -0.0116425149414 -0.0138602705267 0.0192432660575 -0.00749865054834 0.022109672578 0.0313881695859 0.000914214830215 0.00231012728802 3.54727640388e-05 0.0121300383402 -0.153905991522 0.0120500803083 0.0159041109675 
-7.12375641067e-34 -1.12005104318e-33 -5.92251872658e-33 3.49848279162e-32 -2.930263724e-30 -1.78796268085e-30 4.19925474625e-31 -2.4918525918e-29 7.02139828621e-30 3.24723610134e-29 2.01787465922e-26 -1.54073183497e-27 -5.35630831582e-28 -3.70488669619e-26 4.99629949357e-25 -2.67274308865e-25 4.94882491313e-26 6.23357196227e-26 2.94157496322e-23 -8.56685287606e-25 2.54807860658e-24 -4.76698729158e-23 1.57466360882e-22 -6.06581007544e-21 -8.07445482604e-21 2.20353870935e-21 -2.23144228002e-19 9.58923727809e-20 -5.41762804184e-20 -4.46540041398e-18 -8.76356647679e-20 -2.06871377827e-18 -1.04965630013e-18 3.07204641915e-18 -1.07206526765e-16 -6.69097335491e-18 -1.2466523305e-16 7.96236189342e-15 1.47078221362e-15 8.56470773836e-13 2.894025029e-10 -3.99380122186e-14 2.28571620461e-12 -8.60861063714e-12 -3.42140581098e-10 -3.52558297557e-09 -4.05036912019e-07 1.50671317009e-06 -1.15659976779e-06 4.54423705976e-07 0.000710269974117 -0.00089453749185 -0.00126078876817 -0.04899306575 -0.0237911640237 -0.00815705793879 0.00034013556972 -0.0015749459195 0.00146446177997 3.93621407324e-05 -8.32428523261e-05 0.00691993069756 -0.0345038690313 0.997705453341 0.0123550709216 -0.00122213160444 0.00190477571454 0.00697177211216 -0.0011741445368 0.00728008754978 0.000976094423596 -0.00596451631889 -0.000275393687537 0.00272379026289 -0.000138340992342 -0.000330388616597 
-1.35228163784e-32 -2.03384368149e-32 -1.07728406998e-31 6.35813012905e-31 -5.32664120091e-29 -3.25049365769e-29 7.62576046989e-30 -4.528642473e-28 1.30119665334e-28 5.90274566886e-28 3.66717519569e-25 -2.80045954621e-26 -9.73076018493e-27 -6.73309222028e-25 9.07991423118e-24 -4.8554912616e-24 9.00011691987e-25 1.13358872802e-24 5.34582126218e-22 -1.55681279214e-23 4.62885601792e-23 -8.6639998189e-22 2.86284759182e-21 -1.10278381102e-19 -1.46719511226e-19 4.00480117195e-20 -4.06067861546e-18 1.74121708111e-18 -9.86882247694e-19 -8.1201653776e-17 -1.59228277281e-18 -3.7751962402e-17 -1.94585037867e-17 5.59063190297e-17 -1.95054371253e-15 -1.23086503901e-16 -2.13752931588e-15 1.53794652884e-15 3.67844788325e-15 2.71182016246e-13 4.57059530358e-10 -5.9996422384e-14 1.78074865519e-12 -9.90032501929e-13 -6.88807740329e-11 -2.08384845486e-09 -6.39240952668e-07 2.37749586215e-06 -1.81314353462e-06 5.97738220316e-07 0.00112095729281 -0.00141436400075 -0.00198916819313 -0.0775154006348 -0.0376265197185 -0.0132225738141 0.000571822229175 -0.000338557464957 -0.00173464332304 5.30463913591e-06 -1.03447751849e-05 0.0165491311243 -0.00262205004033 -0.0154292327834 0.969094896181 -0.0110692172788 0.0159293629641 -0.22846740168 -0.0101318350756 -0.00249248666388 -0.00481825596366 0.00427803847917 -0.000882636511192 -0.000948249300453 0.000825764008166 9.54908098397e-05 
1.4817424056e-32 2.228362427e-32 1.18003908361e-31 -6.96284064069e-31 5.83350126693e-29 3.55986760319e-29 -8.34973007133e-30 4.95934003208e-28 -1.43040109549e-28 -6.46444178603e-28 -4.0159276761e-25 3.06691593089e-26 1.06553230591e-26 7.37351598878e-25 -9.94340451189e-24 5.31685290613e-24 -9.85745621819e-25 -1.24156009688e-24 -5.85420678224e-22 1.70485022521e-23 -5.0686452553e-23 9.48811320859e-22 -3.13549013007e-21 1.20769599078e-19 1.60668097315e-19 -4.38598355871e-20 4.44720654268e-18 -1.90684792462e-18 1.0810871867e-18 8.89305722584e-17 1.74333734988e-18 4.13508776517e-17 2.13100959691e-17 -6.12425703456e-17 2.1362024719e-15 1.34830852107e-16 2.34011730519e-15 -2.33908967622e-17 -3.7617435304e-15 -1.19612967875e-13 -4.25669941168e-12 8.4503123699e-16 -6.93367592816e-14 4.66177153268e-13 1.3820880995e-11 1.18138891226e-10 5.9622526945e-09 -2.20253688823e-08 1.73610966538e-08 -1.01025222041e-08 -1.04555289615e-05 1.30336829146e-05 1.86003942703e-05 0.000724009254985 0.000351857074841 0.00022168899222 0.000162685795046 0.000244445826096 -0.0670776715531 -0.000749871642452 8.70493565463e-05 -0.00774756729009 -0.000255182334963 0.00040450727168 0.00217529626368 -0.377995281079 -0.00709958890163 0.0510878089638 -0.113447236093 -0.000793426799487 -0.906126701496 0.00194033004279 0.072115491173 -0.0880130970708 0.0407215414017 0.0367148953734 
3.53438646879e-33 5.30403266492e-33 2.80894714969e-32 -1.65731619781e-31 1.3885281056e-29 8.47348708508e-30 -1.98732367541e-30 1.18043615277e-28 -3.40906859693e-29 -1.53870792722e-28 -9.5588126292e-26 7.30003229713e-27 2.5361440524e-27 1.75506552483e-25 -2.36675274739e-24 1.26549907449e-24 -2.34640889229e-25 -2.95532211822e-25 -1.39343246636e-22 4.05791371885e-24 -1.2064186817e-23 2.25839757433e-22 -7.46339829785e-22 2.87465089556e-20 3.82422575661e-20 -1.04397222001e-20 1.0586110637e-18 -4.53855154741e-19 2.57358201941e-19 2.11682501733e-17 4.1494184686e-19 9.84431752866e-18 5.07694890858e-18 -1.45784902672e-17 5.08495964753e-16 3.21134673946e-17 5.55724846706e-16 1.31267192463e-15 -6.86070115524e-16 1.12332626486e-13 1.23355797131e-11 -1.92536863066e-15 2.50020437543e-13 -1.39997411037e-12 -5.40019672353e-11 -4.41302305713e-10 -1.73020330636e-08 6.44333692651e-08 -5.04149253043e-08 2.98215011416e-08 3.03417917007e-05 -3.80224903774e-05 -5.39241696517e-05 -0.0020757362239 -0.00100935304396 -0.000302961300028 1.64751962271e-05 -0.000227427088319 -0.0088727189633 -9.64888759712e-05 1.339160672e-05 0.000349869598062 0.000813107442698 0.0019890170993 -0.00900764758635 0.834993717112 -0.0117251491365 -0.0850264251804 0.302869517272 0.00257415483294 -0.400392575006 -0.00077796707655 0.100587899343 0.153768414986 -0.0935535611845 0.0261174615087 
-6.64845953437e-36 -1.00341197055e-35 -5.31305892894e-35 3.13531810412e-34 -2.62671955882e-32 -1.60292556451e-32 3.76015217118e-33 -2.23315848379e-31 6.42719860047e-32 2.91082305343e-31 1.80834985912e-28 -1.38098958225e-29 -4.79823075413e-30 -3.32024509447e-28 4.47746451889e-27 -2.39424909228e-27 4.4384044476e-28 5.59026846474e-28 2.63611871355e-25 -7.6768896925e-27 2.28248700445e-26 -4.272404404e-25 1.41182119101e-24 -5.44126508448e-23 -7.2349100416e-23 1.97495251038e-23 -2.00475043209e-21 8.58701689836e-22 -4.86772602613e-22 -4.00636055415e-20 -7.85273993444e-22 -1.86178626997e-20 -9.55195699795e-21 2.75818771333e-20 -9.62862706015e-19 -6.03888664385e-20 -1.15370054553e-18 2.26121869408e-16 3.94845002929e-17 2.421101702e-14 -6.65255707166e-13 1.76722552672e-17 3.62154131165e-14 -2.54053128424e-13 -9.89916596385e-12 -7.11791024303e-11 9.21049935173e-10 -3.40297368694e-09 2.38817710243e-09 -1.04655553391e-09 -1.61533054232e-06 2.11608813591e-06 2.92782008877e-06 0.000117811041802 5.72476223108e-05 5.96092358787e-05 0.000127012537703 4.0594126043e-05 -0.0234587601119 -0.00025713642451 5.32201663604e-05 -0.000229371854099 0.0365846496537 -0.00773152435734 0.0048348450392 -0.00160061922522 0.00168686362596 0.00420449639655 -0.0033674801332 0.93402867069 0.00119899461042 -0.354366423608 -0.000538775961187 0.0025394520344 -7.35168220276e-05 0.000458884673261 
-1.56253236796e-35 -2.35267533447e-35 -1.2458255248e-34 7.35128016193e-34 -6.15888672319e-32 -3.75841838675e-32 8.81579791185e-33 -5.23601128106e-31 1.50911605376e-31 6.8250222728e-31 4.23997090598e-28 -3.23799501123e-29 -1.12499245724e-29 -7.78486830962e-28 1.0498137556e-26 -5.61355134541e-27 1.0407113232e-27 1.31079311228e-27 6.18080672194e-25 -1.79996497783e-26 5.35149993713e-26 -1.00174105766e-24 3.3103594432e-24 -1.27540306459e-22 -1.69632450483e-22 4.63064890387e-23 -4.69771134262e-21 2.01327403182e-21 -1.14140390688e-21 -9.39124156892e-20 -1.8408545411e-21 -4.36587215965e-20 -2.24575699417e-20 6.46655125765e-20 -2.25640764729e-18 -1.42020420797e-19 -2.5736829326e-18 2.36013268516e-16 4.34245371391e-17 2.53385971203e-14 2.18617932238e-12 -3.5528194034e-16 4.71140402781e-14 -2.58085664568e-13 -1.02762881363e-11 -8.37913642462e-11 -3.06692034017e-09 1.14302198569e-08 -8.92049455649e-09 2.58721700587e-09 5.37786272529e-06 -6.70751618808e-06 -9.47949929295e-06 -0.000365717560037 -0.000177447974288 -2.15871482095e-05 0.000134829806295 4.18102166386e-05 -0.0243724539161 -0.000279122041305 5.21172920988e-05 0.000102694228802 -0.00754221665263 -0.00300847613303 0.000110565179201 -0.00101988243528 -0.0494949608406 -0.0159933328642 0.00230491745009 -0.354233729711 0.00103738374281 -0.933291312348 0.00257696878287 -0.0101336608132 0.00131375672202 0.00123480749886 
1.94549650292e-38 -2.8375391522e-38 -1.41332427947e-37 8.88796757083e-37 -7.34116237973e-35 -4.45061195276e-35 1.11886832128e-35 -6.3347267015e-34 -4.08257241707e-35 8.13911801702e-34 5.13584214609e-31 -3.88074955333e-32 -1.39471099286e-32 -9.41664033058e-31 1.27241713924e-29 -6.96107404554e-30 1.20346126024e-30 1.52188056691e-30 7.49001444511e-28 -2.18736896022e-29 6.65068748662e-29 -1.20685138153e-27 3.89502174123e-27 -1.54942279935e-25 -2.07353859223e-25 5.56170844143e-26 -5.57418914192e-24 2.52919237826e-24 -1.21191077266e-24 -1.1216774861e-22 -2.3138304532e-24 -4.36814333803e-23 -8.12647415134e-26 7.23125677628e-23 -2.68729281306e-21 -3.75591396053e-23 -2.03285496654e-20 3.17202352287e-17 5.25383102049e-18 3.38889177288e-15 2.96729857489e-13 -4.80680262544e-17 6.33450815212e-15 -3.50152766768e-14 -1.3792387432e-12 -1.12487118908e-11 -4.16257064998e-10 1.550891266e-09 -1.2114719917e-09 4.32412163301e-10 7.29922494294e-07 -9.11156195316e-07 -1.2889290771e-06 -4.97076947081e-05 -2.41298176643e-05 -3.9910242577e-06 1.42895023804e-05 3.04962007072e-06 -0.00257158578071 -2.98991760142e-05 4.34987244867e-06 0.000572301180925 0.000206124765187 -7.3621951519e-05 -0.000354133187279 0.0975575115729 0.0477061937686 0.000572146234078 -0.00611018084604 -0.000596150748592 -0.0138637869905 -0.0019434183285 0.0406464707156 0.0476284782425 0.928770704546 -0.348467940057 
-6.3156515603e-38 9.02269500753e-38 4.49102558872e-37 -2.8262451662e-36 2.33402827344e-34 1.41491456948e-34 -3.55963003051e-35 2.01436561634e-33 1.37362351301e-34 -2.5877413509e-33 -1.63315578363e-30 1.23390684803e-31 4.43613493329e-32 2.99437013371e-30 -4.0462087314e-29 2.21410513402e-29 -3.82498454295e-30 -4.83725125943e-30 -2.38177414886e-27 6.95588185744e-29 -2.11542534657e-28 3.83745530815e-27 -1.23825636254e-26 4.81053862919e-25 6.59435687099e-25 -1.76849778953e-25 1.68530644938e-23 -8.04466395259e-24 3.82084116876e-24 3.49113624962e-22 7.28152182311e-24 1.37231709251e-22 9.68886041768e-24 -2.26526800509e-22 8.17230376766e-21 2.07437923013e-22 3.10858000726e-20 -2.29042601107e-17 -3.66227700801e-18 -2.44694014557e-15 -8.54618140651e-13 1.17703568911e-16 -6.63793980362e-15 2.46296670481e-14 9.81786696658e-13 1.01983456754e-11 1.19606573839e-09 -4.44933961933e-09 3.4147916788e-09 -1.34995239286e-09 -2.09741468266e-06 2.64194801329e-06 3.72349479642e-06 0.000144693966533 7.02652628429e-05 2.42253989484e-05 -3.24067472803e-07 4.90497570713e-06 -0.000104130004925 -1.82924898952e-06 -1.17795897707e-06 0.000403187731701 -7.54806321171e-05 -0.000110215000121 -5.59668404519e-05 -0.0713518744856 0.0019011484008 -0.00151717225166 -0.0350598560481 0.000711802271906 0.104794785983 0.00178944832251 0.988662477426 0.0585183547711 -0.041325988196 -0.0101091076325 
1.63405561603e-40 -1.29052026615e-40 -6.25344413193e-40 4.04675871523e-39 -3.32195017411e-37 -2.00814640977e-37 5.19781036427e-38 -2.88506774307e-36 -6.21942673386e-37 3.68381138621e-36 2.34025422473e-33 -1.76027039479e-34 -6.41751847445e-35 -4.28832919332e-33 5.79956546639e-32 -3.20336526389e-32 5.37248149778e-33 6.806636699e-33 3.41361425831e-30 -9.98083223482e-32 3.06325129128e-31 -5.48630027452e-30 1.75347277157e-29 -6.39716788777e-28 -9.48515776323e-28 2.52637258873e-28 -2.01933311751e-26 1.16909945407e-26 -5.06712096511e-27 -4.65004620328e-25 -1.02358472176e-26 -1.78320747068e-25 -1.1089408253e-26 2.99775595876e-25 -1.0026302722e-23 -4.27922395639e-25 7.57659977427e-23 -2.56486084101e-19 -4.32530801116e-20 -2.73998519025e-17 -1.62744953393e-13 2.11829316919e-17 -5.68073468109e-16 -1.17507294824e-16 7.62214225427e-15 6.1646272102e-13 2.27599447864e-10 -8.46511837246e-10 6.45109765346e-10 -2.08996779351e-10 -3.9911253512e-07 5.0369479635e-07 7.08227519094e-07 2.76053259775e-05 1.33993708854e-05 4.70862719441e-06 -2.03053501024e-07 3.09697426775e-08 7.00027904991e-06 8.71015705245e-08 1.10393116104e-09 -2.98156007756e-05 -4.81205273975e-05 -1.30840958477e-05 0.000164769359637 0.00515848288483 -0.00162740476672 0.000681346196049 -0.00286851544457 -0.000545836721059 0.0402157695382 0.000707156190414 0.0124488940811 0.124691313238 0.342237909544 0.930330170444 
